path,bytes,sha256,in_git(<=5MB & repo),location
/home/mystous/.cache/huggingface/kt/ide074/B2_132633/kt_evt.csv,24030483,ecddd5d67fbccd9c689363fe6bb689479644a621811a0860adab85cba88ea5a1,False,server violet-h100-016
/home/mystous/.cache/huggingface/kt/ide074/B2_132633/kt_evt.csv.map,165286,40aed92d58372232b8fa8282421642e8ee9857b8ed90a436343a6ae267f8639f,False,server violet-h100-016
/home/mystous/.cache/huggingface/kt/ide074/B2_132633/profiles/P1_r1_1789619346-TP-0.trace.json.gz,59470386,669a24a8b312b1fd142e9b87314b5c5fe01c7e56f6c4b08a3a3e60cea4e350af,False,server violet-h100-016
/home/mystous/.cache/huggingface/kt/ide074/B2_132633/profiles/P1_r1_1789619346-TP-1.trace.json.gz,25283973,bb8e780ff740f766f9b70a33566428ebc4bd35c3e7ce7c73a43c04b8b212b93e,False,server violet-h100-016
/home/mystous/.cache/huggingface/kt/ide074/B2_132633/profiles/P1_r1_1789619346-TP-2.trace.json.gz,25300483,152944f700174a13216761b5c1453917f4ad8f0a50764524875ab76654a3b987,False,server violet-h100-016
/home/mystous/.cache/huggingface/kt/ide074/B2_132633/profiles/P1_r1_1789619346-TP-3.trace.json.gz,25261282,5d5f1f601f6f347b0d8dc703f128fccf217005a75185bd621686f9927375566a,False,server violet-h100-016
/home/mystous/.cache/huggingface/kt/ide074/B2_132633/profiles/P1_r2_1789619469-TP-0.trace.json.gz,59548422,3c93f4f2c5bdfa46648c4288b0c6efa178e6f0ad81d9da8ae345827fccd140e0,False,server violet-h100-016
/home/mystous/.cache/huggingface/kt/ide074/B2_132633/profiles/P1_r2_1789619469-TP-1.trace.json.gz,25309424,9d882b06df0d054a787b0e856f761191a6c941df2791ea3b2c9a24e6bc421e50,False,server violet-h100-016
/home/mystous/.cache/huggingface/kt/ide074/B2_132633/profiles/P1_r2_1789619469-TP-2.trace.json.gz,25336370,b8957aae93f28e73c729d98939f93e40015531e643e303d29ff06a1daa9fa5d6,False,server violet-h100-016
/home/mystous/.cache/huggingface/kt/ide074/B2_132633/profiles/P1_r2_1789619469-TP-3.trace.json.gz,25301894,1ed30a0b2962d7624935707431289664a7d88e3ff41be0ab85f4e50ef4702e17,False,server violet-h100-016
/home/mystous/.cache/huggingface/kt/ide074/B2_132633/profiles/P1_r3_1789619590-TP-0.trace.json.gz,59563863,aba44d15c44382cfd5e1cb895d0468afecf09423fb9d7299d89a20d360dfc04b,False,server violet-h100-016
/home/mystous/.cache/huggingface/kt/ide074/B2_132633/profiles/P1_r3_1789619590-TP-1.trace.json.gz,25315866,c2f89623c7ed4b02662fbf002632d92f278b007b624e5e574e1566f79e23d929,False,server violet-h100-016
/home/mystous/.cache/huggingface/kt/ide074/B2_132633/profiles/P1_r3_1789619590-TP-2.trace.json.gz,25335127,a93a70d754a70fbd22d16345627dd9dfecd05fd403846db0be75827433ec1691,False,server violet-h100-016
/home/mystous/.cache/huggingface/kt/ide074/B2_132633/profiles/P1_r3_1789619590-TP-3.trace.json.gz,25302221,6fecc2019d3812a478dedd935554edeaad92d1ab397ee70c5b4eb70b2164d49e,False,server violet-h100-016
/home/mystous/.cache/huggingface/kt/ide074/B3_133528/kt_evt.csv,24001274,b841d2b39fd3e6e7d7e63f868208741eaf2f23bffdf86c93a3aba1d030a8a568,False,server violet-h100-016
/home/mystous/.cache/huggingface/kt/ide074/B3_133528/kt_evt.csv.map,163570,1f1adf310d27c4110e93925b425c26068b16bd88cf6106bc8aa10be005200d35,False,server violet-h100-016
/home/mystous/.cache/huggingface/kt/ide074/F1_ON_134513/kt_evt.csv,44872390,11bdc7e18e27b81a43c4a98814d905fd5e60a0e2f1c08db7cce7516cc53eaf61,False,server violet-h100-016
/home/mystous/.cache/huggingface/kt/ide074/F1_ON_134513/kt_evt.csv.map,170682,d2e14adce75a862554bd77bb156e601ba23e869a52d9e18e421319f60414db7d,False,server violet-h100-016
/home/mystous/.cache/huggingface/kt/ide074/F1_ON_134513/profiles/F1_C1_P1_1789620460-TP-0.trace.json.gz,264899016,f6e9df0c4005c04e5049ba0eb7984e5b93a6048f11d1f1a165a73eccc4907152,False,server violet-h100-016
/home/mystous/.cache/huggingface/kt/ide074/F1_ON_134513/profiles/F1_C1_P1_1789620460-TP-1.trace.json.gz,103437114,f72cb31386d208b48d61b7a7f7d8b3cde1c3ed658f0e46986213156b22e54451,False,server violet-h100-016
/home/mystous/.cache/huggingface/kt/ide074/F1_ON_134513/profiles/F1_C1_P1_1789620460-TP-2.trace.json.gz,103421432,1e8ccd220225da44aabd181f78c8d749e2bc53fd7aea1473aa18c58e9f7eb135,False,server violet-h100-016
/home/mystous/.cache/huggingface/kt/ide074/F1_ON_134513/profiles/F1_C1_P1_1789620460-TP-3.trace.json.gz,103448417,b537620132199953a7431f2e96119ec77e3f7fd8cbdf4cdf2d9ef8e45d668a42,False,server violet-h100-016
/home/mystous/.cache/huggingface/kt/ide074/F1_ON_134513/profiles/F1_LONG_P1_1789620871-TP-0.trace.json.gz,78977682,14d6f7d17f4f9bb4480e51f9e5e572b0a46c6e2a2f081b66340aad8ab0c0f9d2,False,server violet-h100-016
/home/mystous/.cache/huggingface/kt/ide074/F1_ON_134513/profiles/F1_LONG_P1_1789620871-TP-1.trace.json.gz,34224582,6506a71602fd3692c29b40a73c3a3b47c83a4ca33a2c07b181e15ae0f783d851,False,server violet-h100-016
/home/mystous/.cache/huggingface/kt/ide074/F1_ON_134513/profiles/F1_LONG_P1_1789620871-TP-2.trace.json.gz,34267814,e19db0bb457fb1a677a574d80115d86788deed186f8efdd9ec3dc0128e3d68ea,False,server violet-h100-016
/home/mystous/.cache/huggingface/kt/ide074/F1_ON_134513/profiles/F1_LONG_P1_1789620871-TP-3.trace.json.gz,34209237,e3f6d0bafba8477e866dd880923abd0e1c127352f3514d7a8b8f50e3cf6df3ce,False,server violet-h100-016
/home/mystous/.cache/huggingface/kt/ide074/SMOKE_131024/kt_evt.csv,12213289,e6b52f99bff45c95e2039e1562d0bfaae917732fc4e7d82d4d1791860e813e16,False,server violet-h100-016
/home/mystous/.cache/huggingface/kt/ide074/SMOKE_131024/kt_evt.csv.map,113602,60933e647200a6f3f259dcaa661d3a5eecb6788e1eb444e64d4a0e7eaf74e995,False,server violet-h100-016
/home/mystous/.cache/huggingface/kt/ide074/SMOKE_131024/profiles/S1_P1_PROBE128_1789618372-TP-0.trace.json.gz,59080822,1f1d775d5d868060f7891ff5c97f054e0b485fc9c810646fb89d53fdee4975aa,False,server violet-h100-016
/home/mystous/.cache/huggingface/kt/ide074/SMOKE_131024/profiles/S1_P1_PROBE128_1789618372-TP-1.trace.json.gz,24796424,47cc2e9e566139a36c6ec3fe8b991e1243a04b5cc1f5f65647e11f25e4df0abf,False,server violet-h100-016
/home/mystous/.cache/huggingface/kt/ide074/SMOKE_131024/profiles/S1_P1_PROBE128_1789618372-TP-2.trace.json.gz,24805648,0b294cf611d8f0c57ab47c5973588265f38fcf91421ee4e30985fccb135bea9e,False,server violet-h100-016
/home/mystous/.cache/huggingface/kt/ide074/SMOKE_131024/profiles/S1_P1_PROBE128_1789618372-TP-3.trace.json.gz,24788954,5df984aca6eebc3e610754e2a59c55a80c1bcb1d8d2ece376f32909ca377cd0d,False,server violet-h100-016
eval/results/IDE_074_20260917/glm/BASIC4/G_135723/gate_quality4.json,15669,33c8980113102cd368c74dea4b8e5d2415205f7a67da81efaed8268fe73ab4c3,True,repo
eval/results/IDE_074_20260917/glm/BASIC4/G_135723/gate_result.json,1290,3fdbdefc99af7d6038a652101a4287b5a1e1a0560e0194a03ea3e8add3742038,True,repo
eval/results/IDE_074_20260917/glm/BASIC4/G_135723/launch_cmd.sh,931,582d33d79f97e3ac97140f559af5192e285bff32f81c8e5e102a63e7e0356897,True,repo
eval/results/IDE_074_20260917/glm/BASIC4/G_135723/quality_requests_4.jsonl,1915,977c9ad203e3e4c65d308efb8cc88c87417add864c51495ead677908ebe630ef,True,repo
eval/results/IDE_074_20260917/glm/BASIC4/G_135723/requested_config.json,1085,49d8a3a9ecd65e9c089ceb93c922ab9c7c76be7db2115987169303f8af384817,True,repo
eval/results/IDE_074_20260917/glm/BASIC4/G_135723/server.full.log.gz,14351,aeca0d3f5a449113735bd19da02140fe7287bcf6771aacaf71132360056a27bf,True,repo
eval/results/IDE_074_20260917/glm/BASIC4/G_135723/server_info.json,37769,895dc245e60a2db1b8a7ff049eef1da98f710032818d25b53667a063005be180,True,repo
eval/results/IDE_074_20260917/qwen/OPT4/B1_131834/B_r1/bench.stderr.log,815,efdbfffb3ae111815be7d3f8d24095057da507f6f8c3d46da90a8bc5fbe40dba,True,repo
eval/results/IDE_074_20260917/qwen/OPT4/B1_131834/B_r1/bench.stdout.log,6309,43aac4030ece1c65baaae028de0480192ba6169c24ff94a4ce8f4950fa1c1f86,True,repo
eval/results/IDE_074_20260917/qwen/OPT4/B1_131834/B_r1/bench_cmd.sh,745,171f24663dd82a92aa4cdf6f448b4427f7d53df72e1db01d7678ed07299fa3e7,True,repo
eval/results/IDE_074_20260917/qwen/OPT4/B1_131834/B_r1/benchmark.raw.json,847282,ab910f83749eafe54414d47a535344b3f5892552af3dffea4841638ba5e11901,True,repo
eval/results/IDE_074_20260917/qwen/OPT4/B1_131834/B_r1/cpu_timeseries.csv,65789,29006b420de05a041055db535ca5afe400944e513335ddbcc81406df3fd8dcc6,True,repo
eval/results/IDE_074_20260917/qwen/OPT4/B1_131834/B_r1/gpu_timeseries.csv,24198,10ec9415bc23730d3477092d5ec256ff6696e1c4d6eb35342102ce9b54f826c3,True,repo
eval/results/IDE_074_20260917/qwen/OPT4/B1_131834/B_r1/memory_timeseries.csv,788,da2e2e477864e7cf1046186765c72a74db8f10223345683e0cb1a48f074ba8e0,True,repo
eval/results/IDE_074_20260917/qwen/OPT4/B1_131834/B_r1/metrics.json,2796,54c423114db1d4217fb5c86f82e76590404ed35ae2ec1aaf6ed1290dda3739a4,True,repo
eval/results/IDE_074_20260917/qwen/OPT4/B1_131834/B_r1/requests.jsonl,59344,1f29e65c7a554fe35faa17944497b60a43c46e5231ca7b237eb4fc3d87bfbdac,True,repo
eval/results/IDE_074_20260917/qwen/OPT4/B1_131834/B_r1/thread_affinity_start.json,135735,029b199389ea52a8638f548dff56fdab87d7dc33fcf8ceffe94536433656f2d6,True,repo
eval/results/IDE_074_20260917/qwen/OPT4/B1_131834/B_r2/bench.stderr.log,815,3ae011de87d1713283e32f29ee2080fe36a3bfd25d6e1c67e83fdbae5853dfd8,True,repo
eval/results/IDE_074_20260917/qwen/OPT4/B1_131834/B_r2/bench.stdout.log,6309,bf19518e56543662615e91c4ac6bacf3657e8c4036e1847ea7d4c300bb45626a,True,repo
eval/results/IDE_074_20260917/qwen/OPT4/B1_131834/B_r2/bench_cmd.sh,745,a854779791becff0b923d807e088331275c1fab37f63f58ee2d847026d22e7fc,True,repo
eval/results/IDE_074_20260917/qwen/OPT4/B1_131834/B_r2/benchmark.raw.json,846430,34c5ce9c8cb4fddb7a6649bd20b995e7e478783589a63ec3aa4bc19600e021a1,True,repo
eval/results/IDE_074_20260917/qwen/OPT4/B1_131834/B_r2/cpu_timeseries.csv,65805,77245774b357ece869e8425013a526d92041ed75c7bdc0da37eda4ccec6635e0,True,repo
eval/results/IDE_074_20260917/qwen/OPT4/B1_131834/B_r2/gpu_timeseries.csv,24205,790e59235d0996ea7fdef518dc6c0024faa747aa897a156e006d855a7ade14db,True,repo
eval/results/IDE_074_20260917/qwen/OPT4/B1_131834/B_r2/memory_timeseries.csv,788,39b2ae1ce363ab1dc27032c035cf5cffd59c35967caf4454a430de901cffb6db,True,repo
eval/results/IDE_074_20260917/qwen/OPT4/B1_131834/B_r2/metrics.json,2796,41e1191ecb971144fe309c536cf016808e792e62bfa66f7f3ad8d5a7696e4747,True,repo
eval/results/IDE_074_20260917/qwen/OPT4/B1_131834/B_r2/requests.jsonl,59356,be17a4b7e5a13c00e64280109f35f745ad45ec04962a6f0e3c72246968739626,True,repo
eval/results/IDE_074_20260917/qwen/OPT4/B1_131834/B_r2/thread_affinity_start.json,134604,3c8b8a3e11c527860906d41f4eaecd2c3acf67eb9a2c659b02721db8b5e73b0f,True,repo
eval/results/IDE_074_20260917/qwen/OPT4/B1_131834/B_r3/bench.stderr.log,815,8655a35f5ca67a40cd169181662914dfb6b7c87b588952fb113d1a8c7d9b24de,True,repo
eval/results/IDE_074_20260917/qwen/OPT4/B1_131834/B_r3/bench.stdout.log,6309,9823ece106fc7a482c14813de31bb829ce0c166867d9bfdb8ade747d7122eed0,True,repo
eval/results/IDE_074_20260917/qwen/OPT4/B1_131834/B_r3/bench_cmd.sh,745,c9644a600270f2dd7ce40db3e7aaa7e9e3ad821644c215145821dc5547071a73,True,repo
eval/results/IDE_074_20260917/qwen/OPT4/B1_131834/B_r3/benchmark.raw.json,849044,6361d71caa9a1ee595c0e0e75bee4d9eca2a347747cf0baec51ed758ec09a769,True,repo
eval/results/IDE_074_20260917/qwen/OPT4/B1_131834/B_r3/cpu_timeseries.csv,64999,5c2574046acb303ba2abd5f27e5a37725324975c8aac78de1a8d5221c57f0bf3,True,repo
eval/results/IDE_074_20260917/qwen/OPT4/B1_131834/B_r3/gpu_timeseries.csv,23403,b1b9bb55bb4ca2a51f24fa5e4dc9ccf95ab70d7f912ba7bf33cdcf25a4920ac3,True,repo
eval/results/IDE_074_20260917/qwen/OPT4/B1_131834/B_r3/memory_timeseries.csv,777,6b0401c02b25f826b02f7cf658826e7f582abe6675d97390e6c68661a85d4a2f,True,repo
eval/results/IDE_074_20260917/qwen/OPT4/B1_131834/B_r3/metrics.json,2795,23a09412ac3fefb1d29829ddc47ef1862240517c4e504bc765302d0f3a945e80,True,repo
eval/results/IDE_074_20260917/qwen/OPT4/B1_131834/B_r3/requests.jsonl,59312,1abfb889cb07e0bad70e8acbfc599d42a9751f6be5deb58de7e56fdfdaf349bc,True,repo
eval/results/IDE_074_20260917/qwen/OPT4/B1_131834/B_r3/thread_affinity_start.json,134603,002877ff18436b2c829dfc1ce89e5d5a3a5bee02f693519b71c71b0d49f45439,True,repo
eval/results/IDE_074_20260917/qwen/OPT4/B1_131834/P0_r1/bench.stderr.log,693,51547da93ddf9b6dd708530fd36f9272699475f2ee8297863dd8b921f466947e,True,repo
eval/results/IDE_074_20260917/qwen/OPT4/B1_131834/P0_r1/bench.stdout.log,6309,38daeb45f4a1f88601a59adf215b332a073b1c64f208099d215f30fa6f6458d3,True,repo
eval/results/IDE_074_20260917/qwen/OPT4/B1_131834/P0_r1/bench_cmd.sh,745,f856ec19d853acf6dea3edc46a919d6b2cefe3f8dba9714b920efeb086ec935c,True,repo
eval/results/IDE_074_20260917/qwen/OPT4/B1_131834/P0_r1/benchmark.raw.json,424494,69fbb6b86e7bd96cca94e062b8be4394cc1438e1a92bf4b30ecf91bac05d634f,True,repo
eval/results/IDE_074_20260917/qwen/OPT4/B1_131834/P0_r1/cpu_timeseries.csv,41737,a1655559c5bee37dc73f68ce655bd422889fbde6da8e2a3872e153a8514f8a44,True,repo
eval/results/IDE_074_20260917/qwen/OPT4/B1_131834/P0_r1/gpu_timeseries.csv,15369,49efe7dd07651040cf33efc234f150321aa7bed37c7cc11bccd184b131d2b40a,True,repo
eval/results/IDE_074_20260917/qwen/OPT4/B1_131834/P0_r1/memory_timeseries.csv,536,c904bb555cc6f092c9befdfff3a375b16213f7f249aa200741dde9f2942c8992,True,repo
eval/results/IDE_074_20260917/qwen/OPT4/B1_131834/P0_r1/metrics.json,2790,074532da8bf21846aa20137334e14d7fd115bfe8284986893bff8858350392fb,True,repo
eval/results/IDE_074_20260917/qwen/OPT4/B1_131834/P0_r1/requests.jsonl,29633,4357fb2dbb5598c8648613ef4e203451d29377d42cd138d4ad039d3e2d11a2a0,True,repo
eval/results/IDE_074_20260917/qwen/OPT4/B1_131834/P0_r1/thread_affinity_start.json,134604,55dcb04c32f0c2853a1984eaf1c19700f9fe23f7c5bc3c95cd77f6f3c6ce532e,True,repo
eval/results/IDE_074_20260917/qwen/OPT4/B1_131834/P0_r2/bench.stderr.log,693,be193e63430362416c78cb96d5bf78be3b7e3ed7daa83882e134901cf4b177dd,True,repo
eval/results/IDE_074_20260917/qwen/OPT4/B1_131834/P0_r2/bench.stdout.log,6309,c5db496f535015bd40dffaa344dcfaacddeca8207898caf6d4a69fa301214393,True,repo
eval/results/IDE_074_20260917/qwen/OPT4/B1_131834/P0_r2/bench_cmd.sh,745,a727f69573d3024b8fc628cb3381d910c03b1214115e2ae01ef48fe144471d12,True,repo
eval/results/IDE_074_20260917/qwen/OPT4/B1_131834/P0_r2/benchmark.raw.json,425946,b607a5793965df54f52d0f24928789a8f5e4e997b63477321165fbdaf7c456ff,True,repo
eval/results/IDE_074_20260917/qwen/OPT4/B1_131834/P0_r2/cpu_timeseries.csv,39932,6e0116f00bb02e49934494e60099d8818c1451df45b0799719a383c6217fffe2,True,repo
eval/results/IDE_074_20260917/qwen/OPT4/B1_131834/P0_r2/gpu_timeseries.csv,14577,c00e68b8518c3a068bf9e278e09e0cd50e4e0260dbb05bb120f63b53302f79dc,True,repo
eval/results/IDE_074_20260917/qwen/OPT4/B1_131834/P0_r2/memory_timeseries.csv,536,c7034ff5a467ab58e7e6ae7a448f261929c37e0bbc9264d20232e1a2f7bab9a6,True,repo
eval/results/IDE_074_20260917/qwen/OPT4/B1_131834/P0_r2/metrics.json,2796,4588c9ad4c8b3ab2bc6a191da4bbea35ea7f94e192207342ba9c0f7c5a1fe929,True,repo
eval/results/IDE_074_20260917/qwen/OPT4/B1_131834/P0_r2/requests.jsonl,29558,d0d4237671247f8f7069345ce2ccde568d960df4387bf2c22e4c8f53b7ba10dc,True,repo
eval/results/IDE_074_20260917/qwen/OPT4/B1_131834/P0_r2/thread_affinity_start.json,134604,9f9e78ab0b054f94299ce375d0247afae0a95c48f8913262dfb7472116899785,True,repo
eval/results/IDE_074_20260917/qwen/OPT4/B1_131834/P0_r3/bench.stderr.log,693,97c454fdca2f2eee30e75b2c9bece02e7be69bf4b528e03b96994090c03878b2,True,repo
eval/results/IDE_074_20260917/qwen/OPT4/B1_131834/P0_r3/bench.stdout.log,6309,4e15ffc8986db28315c93bf0ce08ac39203fb2abc6c33e8135df2fb0267a1fef,True,repo
eval/results/IDE_074_20260917/qwen/OPT4/B1_131834/P0_r3/bench_cmd.sh,745,4828017589e121b9977f73276dd10510a45c0029ef84bdce311df09c23bd87df,True,repo
eval/results/IDE_074_20260917/qwen/OPT4/B1_131834/P0_r3/benchmark.raw.json,425225,b6faf5abcdefd82322abde5ea95d678a1106f6460c6d21950010d22573c31f7c,True,repo
eval/results/IDE_074_20260917/qwen/OPT4/B1_131834/P0_r3/cpu_timeseries.csv,42126,3670bb1ae3cc472d214bcb70bad1df5686d3b84ddaa9fe8536b5b9d8ad51f9e1,True,repo
eval/results/IDE_074_20260917/qwen/OPT4/B1_131834/P0_r3/gpu_timeseries.csv,15369,005600a2fb13fa6c34a5ff0d89a9ac744c76b8fefafaa696b689e07a4be8fec4,True,repo
eval/results/IDE_074_20260917/qwen/OPT4/B1_131834/P0_r3/memory_timeseries.csv,529,be002e051a79d98b62e1c4ec860d398b43cb3df1b7313893c4cf10edc94caa14,True,repo
eval/results/IDE_074_20260917/qwen/OPT4/B1_131834/P0_r3/metrics.json,2796,bf85ef9cba33a66d1c8470541b6bab4c261057ce05d07c11e5ef25ad0d7a1f4e,True,repo
eval/results/IDE_074_20260917/qwen/OPT4/B1_131834/P0_r3/requests.jsonl,29589,2909adc46823249325f5e11561a39786f278583b4d2d32635d592b08f617d896,True,repo
eval/results/IDE_074_20260917/qwen/OPT4/B1_131834/P0_r3/thread_affinity_start.json,134604,c2da19dab4b8c40196e133ecf98b400af6573d7e18040162bd58ec51a05199f5,True,repo
eval/results/IDE_074_20260917/qwen/OPT4/B1_131834/launch_cmd.sh,987,3c36a818ce6a1f65807916d459865a8751cfe21d94ad764040725977fc290a2d,True,repo
eval/results/IDE_074_20260917/qwen/OPT4/B1_131834/requested_config.json,1342,6be0bf678f240379a4651279fa87972bbf364d783fdd1e00f0a8603b84703e2d,True,repo
eval/results/IDE_074_20260917/qwen/OPT4/B1_131834/runtime_proofs.json,2660,1f178e19b3488fb0af4bb1efc91a66e12ee3c2c1b71493918e95596a19417835,True,repo
eval/results/IDE_074_20260917/qwen/OPT4/B1_131834/server.full.log.gz,20694,341fade44280b1023ad363e5b7b5b7dcbdecc62ada5509e8e779b3c2273bcbe6,True,repo
eval/results/IDE_074_20260917/qwen/OPT4/B1_131834/server_info.json,37850,fb242a00fe4f3cbf0f995580169fa4bfcc2e4833958789d538e0359f10fa98bd,True,repo
eval/results/IDE_074_20260917/qwen/OPT4/B1_131834/smoke_greedy4.json,1387,37f2f24fa7611d5e0ba33eb35a9384e3fdb3435ebde508308db1c45a8fb68f2b,True,repo
eval/results/IDE_074_20260917/qwen/OPT4/B1_131834/thread_affinity.json,135736,27855417e0ceed243bd2ab7e830549f6d581c22fbcb6931ac428ccc0b60ba1b3,True,repo
eval/results/IDE_074_20260917/qwen/OPT4/B1_131834/warmup/bench.stderr.log,622,3bbb81d919e219656fcd1b9e980b33fb9ed404b07cfc9104d42567c213079928,True,repo
eval/results/IDE_074_20260917/qwen/OPT4/B1_131834/warmup/bench.stdout.log,6301,9c7fb51b5329ef4ccb975a6a75fb669ee686af0f43de97eb29bd0eff182988df,True,repo
eval/results/IDE_074_20260917/qwen/OPT4/B1_131834/warmup/bench_cmd.sh,737,d9366088cfe94363c2455277e2926f7874cdee225068a37cc150b70cde11c665,True,repo
eval/results/IDE_074_20260917/qwen/OPT4/B1_131834/warmup/benchmark.raw.json,109374,1d8d220fef5b1a30a08020adfef3449706cf0b8de567c7e013c3aa25f2cafa28,True,repo
eval/results/IDE_074_20260917/qwen/OPT4/B1_131834/warmup/requests.jsonl,7408,11cae8376ea0f7fa59f5ad1d6a7cfae3155b8a7507c80fb5c2550c326341084d,True,repo
eval/results/IDE_074_20260917/qwen/OPT4/B2_132633/P1_r1/bench.stderr.log,693,0a6bde8d544b00b66b0ba3192288ef7866131ec85d11acdaa78f9a189c68d2e1,True,repo
eval/results/IDE_074_20260917/qwen/OPT4/B2_132633/P1_r1/bench.stdout.log,6309,03855bc05a6241475cf83f54628122dcc080e427ec9a30f5d9fadd09e325124a,True,repo
eval/results/IDE_074_20260917/qwen/OPT4/B2_132633/P1_r1/bench_cmd.sh,745,6026bcf083f8c0ad471074d2eae659585ccce059efbf14ac77abaf3884874f2f,True,repo
eval/results/IDE_074_20260917/qwen/OPT4/B2_132633/P1_r1/benchmark.raw.json,423584,69c47f49a6ae7e4993310010dab2f62496fb23e0c532abbd4e82f264fea73f19,True,repo
eval/results/IDE_074_20260917/qwen/OPT4/B2_132633/P1_r1/cpu_timeseries.csv,118120,f7b4cc0f8b4de607f86f5b50276ab6a2ccac69ac2a4d5f35255998da276c6d52,True,repo
eval/results/IDE_074_20260917/qwen/OPT4/B2_132633/P1_r1/dependency.log,382,bb0c66d2cdbf9917ce487bd4a3dd500882122d57fc95ab83c5f8e8aa484ecaee,True,repo
eval/results/IDE_074_20260917/qwen/OPT4/B2_132633/P1_r1/dependency_metrics.csv.gz,1922843,fc62ad68deab139e3fc8a2e4cf4fa2aa5ab692ca49ba8538fbe0953451d13b59,True,repo
eval/results/IDE_074_20260917/qwen/OPT4/B2_132633/P1_r1/dependency_summary.json,5579,ee55f296b9fa0bdb5cfe534a1e87e83e20dc82a1b032b32a8c1366de65432d46,True,repo
eval/results/IDE_074_20260917/qwen/OPT4/B2_132633/P1_r1/gpu_layer_timeline_TP0.csv.gz,1227191,a31ea67f2f7543dfa609b7f5cb8696a4f6b2bc72692d0030c27515ae193c85ec,True,repo
eval/results/IDE_074_20260917/qwen/OPT4/B2_132633/P1_r1/gpu_timeseries.csv,47059,3d10ccacb7d721be0ec4bfcb83e6a395df75452cf44f30ba9a07b9c578ad319d,True,repo
eval/results/IDE_074_20260917/qwen/OPT4/B2_132633/P1_r1/memory_timeseries.csv,1524,5b666a31cfd06670136da70e7764abb461fc71d0f2a2651cc382219f1f4403b4,True,repo
eval/results/IDE_074_20260917/qwen/OPT4/B2_132633/P1_r1/metrics.json,4099,e58c886c6db8566746caff5e42e108f83317899bbe28f2b4d994a6f528967df5,True,repo
eval/results/IDE_074_20260917/qwen/OPT4/B2_132633/P1_r1/missing_coverage.csv,162,ea28f449644536a2007a0072953d02b5bdca39f92fd81d475b1c949520442fd3,True,repo
eval/results/IDE_074_20260917/qwen/OPT4/B2_132633/P1_r1/requests.jsonl,29629,2b10218692118b4028b133e9925665c715665f62963053afc380b24964a2465b,True,repo
eval/results/IDE_074_20260917/qwen/OPT4/B2_132633/P1_r1/thread_affinity_start.json,135847,4650fdacdbe53659c3f4148c150a6b29261945bfb4647833da6323cf0ed47fcc,True,repo
eval/results/IDE_074_20260917/qwen/OPT4/B2_132633/P1_r1/validate.log,394,1542e280ce7452456bc67bcbdaeec75abe79e6342d20723cc017a7e5e9165922,True,repo
eval/results/IDE_074_20260917/qwen/OPT4/B2_132633/P1_r1/validation_results.json,3117,2032c96a444a85d15618dfd411986a05ca109fd40ce3d766336cc2ace785df3c,True,repo
eval/results/IDE_074_20260917/qwen/OPT4/B2_132633/P1_r2/bench.stderr.log,693,66359838cdc5eeaa4aae8c8da4278e0794aeeefc104af8deb7779e5ab2b3c5e0,True,repo
eval/results/IDE_074_20260917/qwen/OPT4/B2_132633/P1_r2/bench.stdout.log,6309,6a6f1cf2280a82e010cf5546109c54b14ced8e29a1ad4c44ffcf651680f6814f,True,repo
eval/results/IDE_074_20260917/qwen/OPT4/B2_132633/P1_r2/bench_cmd.sh,745,6587bd18d4bcf8992c91c6a507898bd63e4dce392ae83eda3f460364e539960a,True,repo
eval/results/IDE_074_20260917/qwen/OPT4/B2_132633/P1_r2/benchmark.raw.json,424033,5b574d4bf6d9c2ec9695c7b56afed8e4fa7ff941a048dc7fb2f76302619d59d8,True,repo
eval/results/IDE_074_20260917/qwen/OPT4/B2_132633/P1_r2/cpu_timeseries.csv,117121,f14f7a5a16f55325524bdaf45f428af256bdd09184d51535e51739788fbc63df,True,repo
eval/results/IDE_074_20260917/qwen/OPT4/B2_132633/P1_r2/dependency.log,384,4a98d427ea0e243010a7aa75d5a2d5b32e2fbc617237163de27bd4302199a350,True,repo
eval/results/IDE_074_20260917/qwen/OPT4/B2_132633/P1_r2/dependency_metrics.csv.gz,1925496,87c1672921a3b05b4097fa29b99352ae02f53e3a377b4653692276caf695c9c0,True,repo
eval/results/IDE_074_20260917/qwen/OPT4/B2_132633/P1_r2/dependency_summary.json,5590,fbb9b1232e8adf9b7fc2d90431708e45f10a76f6ca4f1a50d2b477b1b0904aa9,True,repo
eval/results/IDE_074_20260917/qwen/OPT4/B2_132633/P1_r2/gpu_layer_timeline_TP0.csv.gz,1227810,5dc10b66ec9d92931721afefc54eeecc6c42144a282e21b94bc87ca63e3bd171,True,repo
eval/results/IDE_074_20260917/qwen/OPT4/B2_132633/P1_r2/gpu_timeseries.csv,47062,a22aae0862f8772f331c85e486d2c04fc2777936b57758445eed0b5822df0032,True,repo
eval/results/IDE_074_20260917/qwen/OPT4/B2_132633/P1_r2/memory_timeseries.csv,1521,37386631e86d424bafee5e88a8108d18b13aa7ca716cc4fd90b6cc8d95173556,True,repo
eval/results/IDE_074_20260917/qwen/OPT4/B2_132633/P1_r2/metrics.json,4102,e798efbb341b21478073c69c9a4642a10d51a916d591a455771ac98970f637c4,True,repo
eval/results/IDE_074_20260917/qwen/OPT4/B2_132633/P1_r2/missing_coverage.csv,162,ea28f449644536a2007a0072953d02b5bdca39f92fd81d475b1c949520442fd3,True,repo
eval/results/IDE_074_20260917/qwen/OPT4/B2_132633/P1_r2/requests.jsonl,29627,7a637d895b234e7d83a31113f2215f6dd21971924c705316a1326d3c5acd0a92,True,repo
eval/results/IDE_074_20260917/qwen/OPT4/B2_132633/P1_r2/thread_affinity_start.json,136046,abda3894836bb0d179cade15658193f3ca7a631a0175355b745133ad26023ee0,True,repo
eval/results/IDE_074_20260917/qwen/OPT4/B2_132633/P1_r2/validate.log,394,8e5ff2a2cd7c7a0cfb8e5d1fa75bc371c64b4c68cb6ee662703719990629f549,True,repo
eval/results/IDE_074_20260917/qwen/OPT4/B2_132633/P1_r2/validation_results.json,3119,cad1f3e20040d6021ca57056e367df56274bed8d22016ac6b16fe79ba3308b5d,True,repo
eval/results/IDE_074_20260917/qwen/OPT4/B2_132633/P1_r3/bench.stderr.log,693,64d4296e1b5c7daf4805eb31860af20a74d6225ac5a209e2b37dfa856e1c0d03,True,repo
eval/results/IDE_074_20260917/qwen/OPT4/B2_132633/P1_r3/bench.stdout.log,6309,b7f690aa41d651d40d6813aa2c6c47c4e12e1e8134c41c4ac5afe8ff4edadbf5,True,repo
eval/results/IDE_074_20260917/qwen/OPT4/B2_132633/P1_r3/bench_cmd.sh,745,05e128abb77d3aeb3de570a1d69681709d449ca3bd50bfa6073c9000e0cde689,True,repo
eval/results/IDE_074_20260917/qwen/OPT4/B2_132633/P1_r3/benchmark.raw.json,422107,6592b57516b700fcfd3dfeb3f2b35d2e292655be8caeb0ec6e63bcb93f87470b,True,repo
eval/results/IDE_074_20260917/qwen/OPT4/B2_132633/P1_r3/cpu_timeseries.csv,118022,1d3148ea25c8042539bc72fd2b65151e4f71095fa13197b818df62a153da26fa,True,repo
eval/results/IDE_074_20260917/qwen/OPT4/B2_132633/P1_r3/dependency.log,427,329ec082ca5d41e4207683cda18b56c9fb1f983d234d9f8de5f68f50d980c61a,True,repo
eval/results/IDE_074_20260917/qwen/OPT4/B2_132633/P1_r3/dependency_metrics.csv.gz,1923395,5d75cf54f57a10acc13f4a4bd6de125f9f5db231aee8e4a26f2770e859303d75,True,repo
eval/results/IDE_074_20260917/qwen/OPT4/B2_132633/P1_r3/dependency_summary.json,5632,4a6e4cd3d5077b1d27d84e496ff00f6d2b30c3b97a22e89ee52b4d17453e7886,True,repo
eval/results/IDE_074_20260917/qwen/OPT4/B2_132633/P1_r3/gpu_layer_timeline_TP0.csv.gz,1228961,0e09b7d2daa0bcbe22e9708f99fa9fba7645b148e1b04b1f28f5f3ac5692d697,True,repo
eval/results/IDE_074_20260917/qwen/OPT4/B2_132633/P1_r3/gpu_timeseries.csv,47056,db2f727490ad13652c514d03c2d9d91f9a43ced003691fc32b32631db1c93220,True,repo
eval/results/IDE_074_20260917/qwen/OPT4/B2_132633/P1_r3/memory_timeseries.csv,1521,fe82de8f1107b58c7d26c6e482c90e7e05b4c0ad849e1cc04d5dc20cec667d42,True,repo
eval/results/IDE_074_20260917/qwen/OPT4/B2_132633/P1_r3/metrics.json,4094,c12b30367ea54f239f3386e4b55e120aac9b87a674d9b4e37a74ae747f9239e3,True,repo
eval/results/IDE_074_20260917/qwen/OPT4/B2_132633/P1_r3/missing_coverage.csv,218,25e438aba17bd97475f8ae2e43c9b9697a3c98e864edf5448fa3d2bee23e79ee,True,repo
eval/results/IDE_074_20260917/qwen/OPT4/B2_132633/P1_r3/requests.jsonl,29620,3fe3d759ef7f624b05f1557f7082a1de64d2f937df791930eaae56b3cb08fd06,True,repo
eval/results/IDE_074_20260917/qwen/OPT4/B2_132633/P1_r3/thread_affinity_start.json,136047,389b289a240e7c24e92d25027f821b2ed8b8de5cf81df3936489304b81735549,True,repo
eval/results/IDE_074_20260917/qwen/OPT4/B2_132633/P1_r3/validate.log,393,d805f2fbd5f5a15a103e17cb0fb21b9875d9419f472bec028d60dfb7b5646f40,True,repo
eval/results/IDE_074_20260917/qwen/OPT4/B2_132633/P1_r3/validation_results.json,3122,fb419b967355417f8fcc1d5ab31fdd2cbead21bdcce98c3599370d7654c1a775,True,repo
eval/results/IDE_074_20260917/qwen/OPT4/B2_132633/launch_cmd.sh,1033,ac401b3a47d4ceec316f429fbd24190a66b6fe4f0d35e558ad2393fd947ab650,True,repo
eval/results/IDE_074_20260917/qwen/OPT4/B2_132633/requested_config.json,1395,44a417c7f202d3f3b0c9b7eee2648f897c23f9ec11168ee5996953d22a957256,True,repo
eval/results/IDE_074_20260917/qwen/OPT4/B2_132633/runtime_proofs.json,2745,a4b93a9311ca76eaaf0b7926e7a506c71939a3de7185f2d92b0f40f7455698df,True,repo
eval/results/IDE_074_20260917/qwen/OPT4/B2_132633/server.full.log.gz,16206,ce0d2c5f6f7c9f89f3da0315a08c0f9d76d71b6d35416e34373edac27ffa9816,True,repo
eval/results/IDE_074_20260917/qwen/OPT4/B2_132633/server_info.json,37847,b90392d019f0f70b657fdeac5d493e820e7a852e8eec67e4eca68e1e85f2015f,True,repo
eval/results/IDE_074_20260917/qwen/OPT4/B2_132633/smoke_greedy4.json,1387,37f2f24fa7611d5e0ba33eb35a9384e3fdb3435ebde508308db1c45a8fb68f2b,True,repo
eval/results/IDE_074_20260917/qwen/OPT4/B2_132633/thread_affinity.json,135847,f41e8054adba411b8e7b561ac780634b77b115e8fc01b3176b109064ad744aaf,True,repo
eval/results/IDE_074_20260917/qwen/OPT4/B2_132633/warmup/bench.stderr.log,622,1a35f223b149c055460baf96e72a84cef60c6332ad9127d3e470d6c9e0dfd148,True,repo
eval/results/IDE_074_20260917/qwen/OPT4/B2_132633/warmup/bench.stdout.log,6301,5bd198034ac211bc1e444c205dda1fc8268b3454cc3656f696993e32d4d4adee,True,repo
eval/results/IDE_074_20260917/qwen/OPT4/B2_132633/warmup/bench_cmd.sh,737,96cfab28f0e67f28eadc9f3f21547d3d8a7a09c9442ff2ffbcf0543fca821b3c,True,repo
eval/results/IDE_074_20260917/qwen/OPT4/B2_132633/warmup/benchmark.raw.json,109887,ea853d92ace247ecd19f972acc128472d9131a23e531e8f2317c921721fb5d48,True,repo
eval/results/IDE_074_20260917/qwen/OPT4/B2_132633/warmup/requests.jsonl,7401,952e450b9f9ab9d98b69c0fdf3224961592815c273d9e4758b9c9e13010f92ff,True,repo
eval/results/IDE_074_20260917/qwen/OPT4/B3_133528/P2_r1/bench.stderr.log,693,bce1d63e99c436b4bbe420437a60c1306b2c60d1d71086c2a4a1627bb6daf4b8,True,repo
eval/results/IDE_074_20260917/qwen/OPT4/B3_133528/P2_r1/bench.stdout.log,6309,f26785c1e3baf671bf41f6e8b03dc383d39bef6d3b28fa8b92447a0d1c760cb6,True,repo
eval/results/IDE_074_20260917/qwen/OPT4/B3_133528/P2_r1/bench_cmd.sh,745,6aa6128f686e02b6283ba611a771c67095288fed8daebf6eb279362ddedc20de,True,repo
eval/results/IDE_074_20260917/qwen/OPT4/B3_133528/P2_r1/benchmark.raw.json,425586,b75e8c910ecd21438fe48bf96ffbe66f218559d82c285bd0df357e144d5014e6,True,repo
eval/results/IDE_074_20260917/qwen/OPT4/B3_133528/P2_r1/cpu_timeseries.csv,45426,423db557f949a728a9b3977e352f5a3cdc5af8aed528dcb9fc08183743a7f76a,True,repo
eval/results/IDE_074_20260917/qwen/OPT4/B3_133528/P2_r1/gpu_timeseries.csv,16948,3e158e26a12729d0c064472d961eff92fbcf417d151a2c6a9f248b676744a09b,True,repo
eval/results/IDE_074_20260917/qwen/OPT4/B3_133528/P2_r1/memory_timeseries.csv,599,6f9dbde500563a7de8c8ee6347dfb748daeb743e24630a81985e6564cdfc8964,True,repo
eval/results/IDE_074_20260917/qwen/OPT4/B3_133528/P2_r1/metrics.json,3940,04921056e8915bdb66e2dd0f378fe9c9fd0719977851ee6699b175d8bceba3df,True,repo
eval/results/IDE_074_20260917/qwen/OPT4/B3_133528/P2_r1/pcm_memory.csv,32263,d0137cc55ab0356879c1c1ea4edd29ab39110bde32cc842367a899e6c6a54389,True,repo
eval/results/IDE_074_20260917/qwen/OPT4/B3_133528/P2_r1/pcm_memory.log,2063,61274cac6d73653bfed294e224516b5ca4c24592b68a069ee30c9c2e5357e90b,True,repo
eval/results/IDE_074_20260917/qwen/OPT4/B3_133528/P2_r1/perf_stat.log,0,e3b0c44298fc1c149afbf4c8996fb92427ae41e4649b934ca495991b7852b855,True,repo
eval/results/IDE_074_20260917/qwen/OPT4/B3_133528/P2_r1/perf_stat.txt,730,dfac097e7eae85624c30b39d5eb1feed07f7f9dbd0d8fc886d5d165df387bdee,True,repo
eval/results/IDE_074_20260917/qwen/OPT4/B3_133528/P2_r1/requests.jsonl,29633,8b0efb9410d7bd0c8540eed1e3febef106578434ce55f16bf014bb616975f5b6,True,repo
eval/results/IDE_074_20260917/qwen/OPT4/B3_133528/P2_r1/thread_affinity_start.json,135846,505c5e09f35ac8d81a49b22ada706ec7ec477895250c768768c012677e0d701e,True,repo
eval/results/IDE_074_20260917/qwen/OPT4/B3_133528/P2_r2/bench.stderr.log,693,f8a124d1d4a7b8a64726144bc3570f9e33cc6414d892332f669d181aea04005d,True,repo
eval/results/IDE_074_20260917/qwen/OPT4/B3_133528/P2_r2/bench.stdout.log,6309,1f8340ce9b327c9cf26a99fb4bd3d3e4a68244bf9b1713695165a4e706be2196,True,repo
eval/results/IDE_074_20260917/qwen/OPT4/B3_133528/P2_r2/bench_cmd.sh,745,4bbe7b2f6346fe4af91322a1efb4eff500c6f4786681f16201a0c3e6268c7c89,True,repo
eval/results/IDE_074_20260917/qwen/OPT4/B3_133528/P2_r2/benchmark.raw.json,424298,5fdf6d67d1868b5d558b48891321f4a67bd6b6ea5b49e1cc58a9de27197ef1a5,True,repo
eval/results/IDE_074_20260917/qwen/OPT4/B3_133528/P2_r2/cpu_timeseries.csv,45426,a5511d382e9b972321bf689f5cb733e353f63d434f7a1ca9b274bb39a7022cc0,True,repo
eval/results/IDE_074_20260917/qwen/OPT4/B3_133528/P2_r2/gpu_timeseries.csv,16954,a9181d6c2603f5c033098162db3df8dfb6690b3dea39024a4f9b827928b1669a,True,repo
eval/results/IDE_074_20260917/qwen/OPT4/B3_133528/P2_r2/memory_timeseries.csv,599,0e1129409eea3323b98cc5a6f50a2bc393b0fd4f697690eb41b060d1d7fa46c1,True,repo
eval/results/IDE_074_20260917/qwen/OPT4/B3_133528/P2_r2/metrics.json,3933,7fd0de5c43280696b2a7788b33a793ca5dee283aa5d3ef919f354b077693ccff,True,repo
eval/results/IDE_074_20260917/qwen/OPT4/B3_133528/P2_r2/pcm_memory.csv,32263,3d953effeb066ce75fa7700782b9ccf2b74c1bb8655f6af40a55d40af729f8a3,True,repo
eval/results/IDE_074_20260917/qwen/OPT4/B3_133528/P2_r2/pcm_memory.log,2063,61274cac6d73653bfed294e224516b5ca4c24592b68a069ee30c9c2e5357e90b,True,repo
eval/results/IDE_074_20260917/qwen/OPT4/B3_133528/P2_r2/perf_stat.log,0,e3b0c44298fc1c149afbf4c8996fb92427ae41e4649b934ca495991b7852b855,True,repo
eval/results/IDE_074_20260917/qwen/OPT4/B3_133528/P2_r2/perf_stat.txt,730,5fb7a6b33d5dfe0b1724f4458856fde0ff1e080eecae10dcd635e48014d1f6b3,True,repo
eval/results/IDE_074_20260917/qwen/OPT4/B3_133528/P2_r2/requests.jsonl,29635,1c7f6d53eea3cf12e45d687ac4d85719831ee165e714899e1acf6db76e6e22b4,True,repo
eval/results/IDE_074_20260917/qwen/OPT4/B3_133528/P2_r2/thread_affinity_start.json,134715,c86900237432f5023419249abea970937bcc94917a0559aac0518a04d93b5ac5,True,repo
eval/results/IDE_074_20260917/qwen/OPT4/B3_133528/P2_r3/bench.stderr.log,693,908e7d1b0807c8efd08ca8ddeea3f028478d9654fa451c701c5f7614332a5a78,True,repo
eval/results/IDE_074_20260917/qwen/OPT4/B3_133528/P2_r3/bench.stdout.log,6309,34de7278df28ef4ff0a0bbc4570df17a2f8f8488db98350cff60439cfa46731b,True,repo
eval/results/IDE_074_20260917/qwen/OPT4/B3_133528/P2_r3/bench_cmd.sh,745,63ab25b39e578828ec15bca40544d3fbf4fcadeb76749dddf7dd9d19998c2ba9,True,repo
eval/results/IDE_074_20260917/qwen/OPT4/B3_133528/P2_r3/benchmark.raw.json,423688,03966969e6fe3b237d42388222eb1d0a102ade43d0742f5fddb6d03fe20a49b2,True,repo
eval/results/IDE_074_20260917/qwen/OPT4/B3_133528/P2_r3/cpu_timeseries.csv,47565,b6dd58c1d7e40c3e668800fb3f6d9493d58933881eb3c13f649e844db7dfe081,True,repo
eval/results/IDE_074_20260917/qwen/OPT4/B3_133528/P2_r3/gpu_timeseries.csv,17743,41b1fdf4ff748767a473f51770940d8274cf8de1460358f458d472a69b6a9b63,True,repo
eval/results/IDE_074_20260917/qwen/OPT4/B3_133528/P2_r3/memory_timeseries.csv,599,1c4615d66c1b888d0c96997638df3e455957c8aed50505ce018076e33e0ca295,True,repo
eval/results/IDE_074_20260917/qwen/OPT4/B3_133528/P2_r3/metrics.json,3940,6765f3edae34802784275e7ccaefd6dde5d3797f4c4a2603e988f7b8b104f1d4,True,repo
eval/results/IDE_074_20260917/qwen/OPT4/B3_133528/P2_r3/pcm_memory.csv,33861,37eadf33d54284e524be07f429c6e5226bc482d1f71769a9cf9442537e55e899,True,repo
eval/results/IDE_074_20260917/qwen/OPT4/B3_133528/P2_r3/pcm_memory.log,2063,61274cac6d73653bfed294e224516b5ca4c24592b68a069ee30c9c2e5357e90b,True,repo
eval/results/IDE_074_20260917/qwen/OPT4/B3_133528/P2_r3/perf_stat.log,0,e3b0c44298fc1c149afbf4c8996fb92427ae41e4649b934ca495991b7852b855,True,repo
eval/results/IDE_074_20260917/qwen/OPT4/B3_133528/P2_r3/perf_stat.txt,730,df3a33c33572eba08888b921b8a168da47b470222478f721985a2464648d08a6,True,repo
eval/results/IDE_074_20260917/qwen/OPT4/B3_133528/P2_r3/requests.jsonl,29618,28df78ad8b338f18cd9e9b070d31815f38536081fc05a2c4e62450feec695d45,True,repo
eval/results/IDE_074_20260917/qwen/OPT4/B3_133528/P2_r3/thread_affinity_start.json,134715,15686721461405e4a4fd8aec59e74ffc5d9f6cad75d7a2c38a12a7aae2f4e95a,True,repo
eval/results/IDE_074_20260917/qwen/OPT4/B3_133528/launch_cmd.sh,1064,a9ac81c5516b9aca668070f5d9eb5b2b718cdb6e0a4bb72776589e7c10452b88,True,repo
eval/results/IDE_074_20260917/qwen/OPT4/B3_133528/requested_config.json,1442,533b30dfcb7998d37f02937fcc3f8693bf9607e7fe18091ba6835191de9820ae,True,repo
eval/results/IDE_074_20260917/qwen/OPT4/B3_133528/runtime_proofs.json,2745,e5c9cd62c3f633cfdfde0e95c295d88d5e4edd25a57bb246e5818c080d8f70e3,True,repo
eval/results/IDE_074_20260917/qwen/OPT4/B3_133528/server.full.log.gz,79716,278879bd33699a24f35780582c2c5f6b88cc124d931cec039570e90d2f6755ba,True,repo
eval/results/IDE_074_20260917/qwen/OPT4/B3_133528/server_info.json,37847,772dc51239a78dccf1567410877cce6f25a51c267a1d061673980ec68836cffd,True,repo
eval/results/IDE_074_20260917/qwen/OPT4/B3_133528/smoke_greedy4.json,1387,37f2f24fa7611d5e0ba33eb35a9384e3fdb3435ebde508308db1c45a8fb68f2b,True,repo
eval/results/IDE_074_20260917/qwen/OPT4/B3_133528/thread_affinity.json,135847,f3b0deab80586bcba38ce26c934de15d0f45a943640629eee7614ad4a3946b2e,True,repo
eval/results/IDE_074_20260917/qwen/OPT4/B3_133528/warmup/bench.stderr.log,622,a2d646e9fe39e41556798091d843de97d561d2f82b38679626a4b1a340ab1c32,True,repo
eval/results/IDE_074_20260917/qwen/OPT4/B3_133528/warmup/bench.stdout.log,6301,b071d0e86932e97c5fa35376ea69773d522303d23c7095caacf4efea33625e21,True,repo
eval/results/IDE_074_20260917/qwen/OPT4/B3_133528/warmup/bench_cmd.sh,737,4c717a0e7eabe4f396ff7acc3855a1a1047dcb57486f1adbdb16db101df711bb,True,repo
eval/results/IDE_074_20260917/qwen/OPT4/B3_133528/warmup/benchmark.raw.json,109207,a186d6c2b00bc78e2cf066667d5d886ab4f955a27d15bbc57fd37a650ab8aab6,True,repo
eval/results/IDE_074_20260917/qwen/OPT4/B3_133528/warmup/requests.jsonl,7401,856f58580426c4cc959881cb3c1359b2717bbe215dc9da837f2c68dd4f0c49f1,True,repo
eval/results/IDE_074_20260917/qwen/OPT4/F1_OFF_134055/F1_C1_OFF/bench.stderr.log,1456,be446e49c8108824df7b5f2e26265418deae1d5be35e4474db6baa9ef11f3bea,True,repo
eval/results/IDE_074_20260917/qwen/OPT4/F1_OFF_134055/F1_C1_OFF/bench.stdout.log,6311,e6df9dc1266359f322c49984e225e482642d288537971f323f575c0c8684ce39,True,repo
eval/results/IDE_074_20260917/qwen/OPT4/F1_OFF_134055/F1_C1_OFF/bench_cmd.sh,748,c0daf719845b2e09b641a968356cc6d82b621e56767089ff339577a7c20b3565,True,repo
eval/results/IDE_074_20260917/qwen/OPT4/F1_OFF_134055/F1_C1_OFF/benchmark.raw.json,56092,e0aa67625fa5ac79e5bc3147de751bf78d418b5994150297fbe3cecb8cc33a2d,True,repo
eval/results/IDE_074_20260917/qwen/OPT4/F1_OFF_134055/F1_C1_OFF/cpu_timeseries.csv,52395,fec3e9672e578cfddd7dc0f68ccaba0bb8ab0872d7f5d52b2733d1706b25d8e9,True,repo
eval/results/IDE_074_20260917/qwen/OPT4/F1_OFF_134055/F1_C1_OFF/gpu_timeseries.csv,19381,3349bed92156a22ca45bd8599fb39ec2ba83ea41282da711a2042c62be99124f,True,repo
eval/results/IDE_074_20260917/qwen/OPT4/F1_OFF_134055/F1_C1_OFF/memory_timeseries.csv,662,7911b5dc0b72c487da1a6df2cffb3161a2505519c68c1531fd78e92ae95b7dff,True,repo
eval/results/IDE_074_20260917/qwen/OPT4/F1_OFF_134055/F1_C1_OFF/metrics.json,2811,38f7eaf98f56a588d6e534a27a55a56323f4981d2777073b20caed97f4016ede,True,repo
eval/results/IDE_074_20260917/qwen/OPT4/F1_OFF_134055/F1_C1_OFF/requests.jsonl,3723,31cc214ea05973abb4962ef96137f3a88e91b9f10da8d16de2c1e8b2a4f77540,True,repo
eval/results/IDE_074_20260917/qwen/OPT4/F1_OFF_134055/F1_C1_OFF/thread_affinity_start.json,135735,984fa6748565eeb27a22decc1d75cc61b45701f013d647cf39f77fa876ffbdd5,True,repo
eval/results/IDE_074_20260917/qwen/OPT4/F1_OFF_134055/F1_LONG_OFF/bench.stderr.log,739,534a7a50fd685406fa4b6711e7de46fdae4171dbd36a812abac9688528b32314,True,repo
eval/results/IDE_074_20260917/qwen/OPT4/F1_OFF_134055/F1_LONG_OFF/bench.stdout.log,6310,175265aba3075e3a580ceee64476d27a6289105687b32a997b7218e5f0c27dde,True,repo
eval/results/IDE_074_20260917/qwen/OPT4/F1_OFF_134055/F1_LONG_OFF/bench_cmd.sh,747,23f6a87ab13a2aa7a4ac312401383be6451eab196dda598d9341ce868bb0eb1d,True,repo
eval/results/IDE_074_20260917/qwen/OPT4/F1_OFF_134055/F1_LONG_OFF/benchmark.raw.json,109467,74fffd3d7c2b5728666c79abc62928d0e96acf148fea5828f1752cd937e948ef,True,repo
eval/results/IDE_074_20260917/qwen/OPT4/F1_OFF_134055/F1_LONG_OFF/cpu_timeseries.csv,43991,7aae70d6d3c2cf19860efa1c0e753e49b4cd6b1e8736e3dade03f9bd2e7088ce,True,repo
eval/results/IDE_074_20260917/qwen/OPT4/F1_OFF_134055/F1_LONG_OFF/gpu_timeseries.csv,16182,0727f1dfa08a208cb38a882aa01b757780ff4b254cc19ade53075f45c530c7b8,True,repo
eval/results/IDE_074_20260917/qwen/OPT4/F1_OFF_134055/F1_LONG_OFF/memory_timeseries.csv,536,ca0ff72ca16ce11858998ad25c89db1043a638ba24c6f2aeb317a0c4f7687d34,True,repo
eval/results/IDE_074_20260917/qwen/OPT4/F1_OFF_134055/F1_LONG_OFF/metrics.json,2806,998487ac41a0720044c73d2a635150e768a846d6c255b1b58aa0aac30a7094ef,True,repo
eval/results/IDE_074_20260917/qwen/OPT4/F1_OFF_134055/F1_LONG_OFF/requests.jsonl,7426,b2a39256f283b2179ac074a86b4e3058e2ee00a0d48baf1c5e7734cbf2e5c079,True,repo
eval/results/IDE_074_20260917/qwen/OPT4/F1_OFF_134055/F1_LONG_OFF/thread_affinity_start.json,134604,247b9899e70f3823d5d36a23f3067a7c2e8e0cb5a766130323aaca6a473c3e9a,True,repo
eval/results/IDE_074_20260917/qwen/OPT4/F1_OFF_134055/launch_cmd.sh,991,cde44f656d51e021a1ab8a7b3dfcfa9f505fc2d8a34b9599faf9de17d3401f56,True,repo
eval/results/IDE_074_20260917/qwen/OPT4/F1_OFF_134055/requested_config.json,1346,e6ab6e27908ec518113f3db75cbb7badaa796204e5db827c54fdd206f51ec1b4,True,repo
eval/results/IDE_074_20260917/qwen/OPT4/F1_OFF_134055/runtime_proofs.json,2660,c72bb86874aa8f62f41242aa851bb9c55d3c711b06ee680c2e1e0e6a569fba9b,True,repo
eval/results/IDE_074_20260917/qwen/OPT4/F1_OFF_134055/server.full.log.gz,14120,d8f86159b0295c728beb9c75d33c92c2ef751daafc7290e937b08b89f69bf372,True,repo
eval/results/IDE_074_20260917/qwen/OPT4/F1_OFF_134055/server_info.json,37851,786be81e797171af07dc3d4740c3c7236802a990bb39fb41d94851e20e8ef99c,True,repo
eval/results/IDE_074_20260917/qwen/OPT4/F1_OFF_134055/smoke_greedy4.json,1387,37f2f24fa7611d5e0ba33eb35a9384e3fdb3435ebde508308db1c45a8fb68f2b,True,repo
eval/results/IDE_074_20260917/qwen/OPT4/F1_OFF_134055/thread_affinity.json,135735,eed126a9b974d0e625a02e9268e4d91c22578cf87e75c281c177f70aa5905fc5,True,repo
eval/results/IDE_074_20260917/qwen/OPT4/F1_OFF_134055/warmup/bench.stderr.log,622,ec83bb92eacbb471bc8f209744d5b7bbebef512153e5a93ac7e1e0c53347b8da,True,repo
eval/results/IDE_074_20260917/qwen/OPT4/F1_OFF_134055/warmup/bench.stdout.log,6301,a2429547a6b256a5ac54f30158952583fb8b220f7e0682fdcb148678597327b9,True,repo
eval/results/IDE_074_20260917/qwen/OPT4/F1_OFF_134055/warmup/bench_cmd.sh,737,fd5245c93db0e53efea7a84d24ff1845c43245003c0fcfe3e0f5ae3522633516,True,repo
eval/results/IDE_074_20260917/qwen/OPT4/F1_OFF_134055/warmup/benchmark.raw.json,108912,df525cc8e4a3c4136de2e8c63c0a4bce77f7a8fd3f8338dd7e57c74bc2504872,True,repo
eval/results/IDE_074_20260917/qwen/OPT4/F1_OFF_134055/warmup/requests.jsonl,7394,ce7edaa563f9c33d386e0f89e985626f46ae052fe8f002d96409666bb185cb0c,True,repo
eval/results/IDE_074_20260917/qwen/OPT4/F1_ON_134513/F1_C1_P1/bench.stderr.log,1456,1418e00953c33770cb566a1f513051a55a27fd592b0afb25615a1c369e74050c,True,repo
eval/results/IDE_074_20260917/qwen/OPT4/F1_ON_134513/F1_C1_P1/bench.stdout.log,6311,1a2b876dd70c0b749d78243e602da8ac3a6da77167de6121b18d82e82ae9605b,True,repo
eval/results/IDE_074_20260917/qwen/OPT4/F1_ON_134513/F1_C1_P1/bench_cmd.sh,748,3593be1edf9a8f0bb037e3779f6a979cede9faf4642eaa77a1004f608ced721e,True,repo
eval/results/IDE_074_20260917/qwen/OPT4/F1_ON_134513/F1_C1_P1/benchmark.raw.json,56165,49debf208f833749a72ebf937e8ad9496c496e0850592d81e017c5ab23d20817,True,repo
eval/results/IDE_074_20260917/qwen/OPT4/F1_ON_134513/F1_C1_P1/cpu_timeseries.csv,397926,fe66903cc5e9126eaff6ba87b3558b96964387451a581fec92235d01e059af1b,True,repo
eval/results/IDE_074_20260917/qwen/OPT4/F1_ON_134513/F1_C1_P1/dependency.log,243,94b7e30378b34e05a980cb469fdc5458a41db1551ebfd07ebabc0302bab2de9d,True,repo
eval/results/IDE_074_20260917/qwen/OPT4/F1_ON_134513/F1_C1_P1/dependency_metrics.csv.gz,8742531,2081e591e89b19e8bef623f2d467f2c6cf7bcacc93cdf622c1811a9db7fac5fc,False,repo
eval/results/IDE_074_20260917/qwen/OPT4/F1_ON_134513/F1_C1_P1/dependency_summary.json,2909,d5406e5d0a7038a84f54c48ff3bd8302f897e98f2dd5ab8444524ebfc8582b90,True,repo
eval/results/IDE_074_20260917/qwen/OPT4/F1_ON_134513/F1_C1_P1/gpu_layer_timeline_TP0.csv.gz,5958419,69ab5fca487910762a0fc4964fa01fffe3cf50e9dcfd9b436980556702549731,False,repo
eval/results/IDE_074_20260917/qwen/OPT4/F1_ON_134513/F1_C1_P1/gpu_timeseries.csv,161955,ca97aca276386ae0c782e080a127d69056f2420e69778608ae1ae1e02e15c6eb,True,repo
eval/results/IDE_074_20260917/qwen/OPT4/F1_ON_134513/F1_C1_P1/memory_timeseries.csv,5152,11ce2fc77dd0be560f56908d9c8d2ac15b821d9ecf57781569ebbe6eb5ef47b3,True,repo
eval/results/IDE_074_20260917/qwen/OPT4/F1_ON_134513/F1_C1_P1/metrics.json,4129,d057ebb5a586157ef95882e5d166773ecb1cf25dbda909b82a14d6694f6c0cdd,True,repo
eval/results/IDE_074_20260917/qwen/OPT4/F1_ON_134513/F1_C1_P1/missing_coverage.csv,167,1e55f121b417e3f5255da2b732c11d498c899cd2ead1ea3a883109eb8feeacc1,True,repo
eval/results/IDE_074_20260917/qwen/OPT4/F1_ON_134513/F1_C1_P1/requests.jsonl,3710,fdbed4b39d1f3a179e468964ffaa1521943003afc65a868502a8aff3f65c4462,True,repo
eval/results/IDE_074_20260917/qwen/OPT4/F1_ON_134513/F1_C1_P1/thread_affinity_start.json,135846,888ed358dab8ae713b8676de3a03145e063bdf80244869513bc8303e2d71fe9c,True,repo
eval/results/IDE_074_20260917/qwen/OPT4/F1_ON_134513/F1_C1_P1/validate.log,287,93b3ea51a50294fec28032b5d135902602b6e71aa69638f4b18cf9f1c3ac97af,True,repo
eval/results/IDE_074_20260917/qwen/OPT4/F1_ON_134513/F1_C1_P1/validation_results.json,3148,60b2591d515f4bb690095e838ea9af52b285546ffe76ccbce6bb6fe922bc7c43,True,repo
eval/results/IDE_074_20260917/qwen/OPT4/F1_ON_134513/F1_LONG_P1/bench.stderr.log,739,9a4724568beff6de26c11a355184c2502285bf4527d4d0cb9913ada9f41e7716,True,repo
eval/results/IDE_074_20260917/qwen/OPT4/F1_ON_134513/F1_LONG_P1/bench.stdout.log,6310,6d72e00084bfcc197b58e14768992234d6f75671b6083a1c656f2fb343275d65,True,repo
eval/results/IDE_074_20260917/qwen/OPT4/F1_ON_134513/F1_LONG_P1/bench_cmd.sh,747,80270c01f4ab8da3f2bbe8080e5c9680d9769dbdb793116f13c4fdc081d8955c,True,repo
eval/results/IDE_074_20260917/qwen/OPT4/F1_ON_134513/F1_LONG_P1/benchmark.raw.json,109231,fa6902198b84ec183bf6df014f02598475563c70ec4ed76c734ad54ea2e26e0e,True,repo
eval/results/IDE_074_20260917/qwen/OPT4/F1_ON_134513/F1_LONG_P1/cpu_timeseries.csv,150592,504aaa76464898a319ae8629f05c86234431253f52f0ff5546e2a83ef5d7cc17,True,repo
eval/results/IDE_074_20260917/qwen/OPT4/F1_ON_134513/F1_LONG_P1/dependency.log,240,3268263f6cac2482611599479c083277967fbfe5eaf51b571564dacff30813b5,True,repo
eval/results/IDE_074_20260917/qwen/OPT4/F1_ON_134513/F1_LONG_P1/dependency_metrics.csv.gz,2465129,9ec8130f0e761b602b3f58b912e0fece787c8df934e484da247c282bbfa18a28,True,repo
eval/results/IDE_074_20260917/qwen/OPT4/F1_ON_134513/F1_LONG_P1/dependency_summary.json,2919,8df4f8fc8b2c7980a0dff52a2b005de6525ccbc3919693b4e491c80278edb962,True,repo
eval/results/IDE_074_20260917/qwen/OPT4/F1_ON_134513/F1_LONG_P1/gpu_layer_timeline_TP0.csv.gz,1567341,a8502914a25b5cc87827eac15fc3e1da4fc8847e25dd62e913966a2d9c19f9ca,True,repo
eval/results/IDE_074_20260917/qwen/OPT4/F1_ON_134513/F1_LONG_P1/gpu_timeseries.csv,60536,964bbc2fc006825acc18aaea79c69ce9380729ea1f688a5ea5b2d676803a5197,True,repo
eval/results/IDE_074_20260917/qwen/OPT4/F1_ON_134513/F1_LONG_P1/memory_timeseries.csv,1974,eb35fa45f45d018031472c9b321c0325f5e48154ed29464b9ed8f2e88914a41c,True,repo
eval/results/IDE_074_20260917/qwen/OPT4/F1_ON_134513/F1_LONG_P1/metrics.json,4133,22b6c892c5828c104eaaaae7d6104dc4753e3e94b125fc97a74c240b81b63ad7,True,repo
eval/results/IDE_074_20260917/qwen/OPT4/F1_ON_134513/F1_LONG_P1/missing_coverage.csv,162,5c0edd6d43aa02ff58e3be7a709a6622cc5197e725575a6cc4e8faaf4b351bc6,True,repo
eval/results/IDE_074_20260917/qwen/OPT4/F1_ON_134513/F1_LONG_P1/requests.jsonl,7417,3e075d0c3111394e9fd470972ee8ddd1545e0b8459df9749198940a0fa978c70,True,repo
eval/results/IDE_074_20260917/qwen/OPT4/F1_ON_134513/F1_LONG_P1/thread_affinity_start.json,136046,53cba2952ee3e36f2d34325ef736a3c83ee9e3eb804e0f65e14c547bc3d20716,True,repo
eval/results/IDE_074_20260917/qwen/OPT4/F1_ON_134513/F1_LONG_P1/validate.log,284,2deafa5c8c61ebd0908af9bb737d4cc417fe2bcffc6d72514774a873d87c22cc,True,repo
eval/results/IDE_074_20260917/qwen/OPT4/F1_ON_134513/F1_LONG_P1/validation_results.json,3153,45dbb48b84d1520b4aca17f9b0c36762ba48c4ab679142751bbc1213692990b8,True,repo
eval/results/IDE_074_20260917/qwen/OPT4/F1_ON_134513/launch_cmd.sh,1039,b2d7b1a650ec5a90ca5c2645dc6a6ba8722a2a1ac66b0e754138a296daff64cb,True,repo
eval/results/IDE_074_20260917/qwen/OPT4/F1_ON_134513/requested_config.json,1401,f4266adabf8391ce3c57124aa8db9390aa15a7e3ec369b37a0d09cf17a8d1e85,True,repo
eval/results/IDE_074_20260917/qwen/OPT4/F1_ON_134513/runtime_proofs.json,2748,89531527da6e4168673e712f34be4fb7ac0a732b2c0b7c3d81b1e10fdc89713f,True,repo
eval/results/IDE_074_20260917/qwen/OPT4/F1_ON_134513/server.full.log.gz,14969,480635509625e9a946f2ce295ca8af4f63f7122aa254bb70dce49f2f459727c9,True,repo
eval/results/IDE_074_20260917/qwen/OPT4/F1_ON_134513/server_info.json,37849,efc53a118751c1422ea3b0406fa4b473d8a6400ef2e8d5bbcd6c1ce0981b1a30,True,repo
eval/results/IDE_074_20260917/qwen/OPT4/F1_ON_134513/smoke_greedy4.json,1387,37f2f24fa7611d5e0ba33eb35a9384e3fdb3435ebde508308db1c45a8fb68f2b,True,repo
eval/results/IDE_074_20260917/qwen/OPT4/F1_ON_134513/thread_affinity.json,135846,89531b8c117c6bb1353d6ce241f39bf188fe873c34de94fcd40801e465fe27c7,True,repo
eval/results/IDE_074_20260917/qwen/OPT4/F1_ON_134513/warmup/bench.stderr.log,622,33a80a6d5e605d344aa04e5adbf98b230d155a14cba1e2e9e4f4930b8dd7d117,True,repo
eval/results/IDE_074_20260917/qwen/OPT4/F1_ON_134513/warmup/bench.stdout.log,6301,2494178cae3c05078be45a1161748487e903a30e12aa6047bc3d97193e46f03b,True,repo
eval/results/IDE_074_20260917/qwen/OPT4/F1_ON_134513/warmup/bench_cmd.sh,737,c83d53c587ab64ac3154623fb0038bdf80c43cd05f9b042939068752e0f1062f,True,repo
eval/results/IDE_074_20260917/qwen/OPT4/F1_ON_134513/warmup/benchmark.raw.json,109955,a64e1a98659ae91d89f55df5a3ca76a76d70a554ebb6406d5fd29f6918f9c6ee,True,repo
eval/results/IDE_074_20260917/qwen/OPT4/F1_ON_134513/warmup/requests.jsonl,7406,24a2fff101a9be0e8793d3df1c7cef33b086ddde73b410e496a84a52c299fae3,True,repo
eval/results/IDE_074_20260917/qwen/OPT4/SMOKE_131024/S1_P1_PROBE128/bench.stderr.log,693,974c3791de7de97ea7e3d9c75d209ed875a15963631c6f5e412760bad662b7b1,True,repo
eval/results/IDE_074_20260917/qwen/OPT4/SMOKE_131024/S1_P1_PROBE128/bench.stdout.log,6309,7792fca01699b5699f40d1f742acd6c455a7cfb5f03aa85a19c7e6cd08e29879,True,repo
eval/results/IDE_074_20260917/qwen/OPT4/SMOKE_131024/S1_P1_PROBE128/bench_cmd.sh,745,30d8e12baeb9936e081b35b1d6ccd2fcb04fe788edfe934fe446a887d4fc4e20,True,repo
eval/results/IDE_074_20260917/qwen/OPT4/SMOKE_131024/S1_P1_PROBE128/benchmark.raw.json,423763,287feee121e5ec017c8096a20f1b0350ad1c4127cd3476710f74d54276c8dabe,True,repo
eval/results/IDE_074_20260917/qwen/OPT4/SMOKE_131024/S1_P1_PROBE128/cpu_timeseries.csv,127594,f8dee855842ccad86d6bcff9ef9d901bdf6bba28c978c6af49d11888c000893e,True,repo
eval/results/IDE_074_20260917/qwen/OPT4/SMOKE_131024/S1_P1_PROBE128/dependency.log,382,b0888d2109313ac0442a714c1971f9cb768f125bff73c34857e79f591f52fb03,True,repo
eval/results/IDE_074_20260917/qwen/OPT4/SMOKE_131024/S1_P1_PROBE128/dependency_metrics.csv.gz,1931913,896f809786c390f5f3093af598b134d45e038f28ebc04977ee2366ca769c36f3,True,repo
eval/results/IDE_074_20260917/qwen/OPT4/SMOKE_131024/S1_P1_PROBE128/dependency_summary.json,5589,7800834e0c7e58935563da62f25f69a379676811e3009f9030c22f3fea8f1c98,True,repo
eval/results/IDE_074_20260917/qwen/OPT4/SMOKE_131024/S1_P1_PROBE128/gpu_layer_timeline_TP0.csv.gz,1228490,097fe24e0f60ee95416f9a0faba9da351ecedd8de13e6d9bb10845df21be635e,True,repo
eval/results/IDE_074_20260917/qwen/OPT4/SMOKE_131024/S1_P1_PROBE128/gpu_timeseries.csv,51019,fb1cb12f46f92277ce7648249f645b2094249b8586ac4680f00b114a9cf644c0,True,repo
eval/results/IDE_074_20260917/qwen/OPT4/SMOKE_131024/S1_P1_PROBE128/memory_timeseries.csv,1645,95d749b359e67318fe77389151909c6bae5775ecec32f52f00981193ed8488aa,True,repo
eval/results/IDE_074_20260917/qwen/OPT4/SMOKE_131024/S1_P1_PROBE128/metrics.json,3977,6a4224faee35d2b4bde06b5422526aa53f8d306f0572bd47050d585b099b04cb,True,repo
eval/results/IDE_074_20260917/qwen/OPT4/SMOKE_131024/S1_P1_PROBE128/missing_coverage.csv,162,ea28f449644536a2007a0072953d02b5bdca39f92fd81d475b1c949520442fd3,True,repo
eval/results/IDE_074_20260917/qwen/OPT4/SMOKE_131024/S1_P1_PROBE128/requests.jsonl,29633,2a84a7a0c60ed448c0a0280441145eec36eed8ff3c33d717cc78364a2d7f32f8,True,repo
eval/results/IDE_074_20260917/qwen/OPT4/SMOKE_131024/S1_P1_PROBE128/thread_affinity_start.json,135846,e646a66c1d07f78d4caad2090a85d1e25ce2ca87cc81e9428ce35af7b09e13a8,True,repo
eval/results/IDE_074_20260917/qwen/OPT4/SMOKE_131024/S1_P1_PROBE128/validate.log,394,b771b1868dba21e8abd609c44921afded85be91d19416711da3c5d724dbb3f15,True,repo
eval/results/IDE_074_20260917/qwen/OPT4/SMOKE_131024/S1_P1_PROBE128/validation_results.json,3169,4cc28784a6dc6b0f6771bd1602ad7a30cc39a6c1d22e24996d5dea98b609bc16,True,repo
eval/results/IDE_074_20260917/qwen/OPT4/SMOKE_131024/launch_cmd.sh,1039,3dd750c1715143e2889052f15f0da7e969e9a6c9cadd729f6adaf9aeb6e4ced2,True,repo
eval/results/IDE_074_20260917/qwen/OPT4/SMOKE_131024/requested_config.json,1401,f4556c16979cead3df0fda1ee4fd933b1f6b88251497c85aabc58a6008a8ff58,True,repo
eval/results/IDE_074_20260917/qwen/OPT4/SMOKE_131024/runtime_proofs.json,2748,f2633069219133b785c9a9547a8bc63f333ef70e39c4097ea21db1fba915ea22,True,repo
eval/results/IDE_074_20260917/qwen/OPT4/SMOKE_131024/server.full.log.gz,14524,f7053935cf6fc2be9f7ba85275a93028a7ee9fdd8580ae7a75da48fb52b2fb1c,True,repo
eval/results/IDE_074_20260917/qwen/OPT4/SMOKE_131024/server_info.json,37851,e7ac6f2b9571626ce7b15d269569a8362caebab47d9bc53ae1d455dafb82c6ad,True,repo
eval/results/IDE_074_20260917/qwen/OPT4/SMOKE_131024/smoke_greedy4.json,1387,37f2f24fa7611d5e0ba33eb35a9384e3fdb3435ebde508308db1c45a8fb68f2b,True,repo
eval/results/IDE_074_20260917/qwen/OPT4/SMOKE_131024/thread_affinity.json,135847,3e3b6e2d9afc74c9247fe1b7956abfc44d9ae48de46ca33e3c3370c760fabab3,True,repo
eval/results/IDE_074_20260917/qwen/OPT4/SMOKE_131024/warmup/bench.stderr.log,622,3d9bb07ce20b9f6b542e40a4a57e07b805e9ca9bd5ab42efa7701f4979576730,True,repo
eval/results/IDE_074_20260917/qwen/OPT4/SMOKE_131024/warmup/bench.stdout.log,6301,3bdc19142c8b92f103889c07f6928a0d44c95e3447478cb3bedb42287a4091f9,True,repo
eval/results/IDE_074_20260917/qwen/OPT4/SMOKE_131024/warmup/bench_cmd.sh,737,e2b12b65252179f43b5e1d30b40c9190e7364dd0d79b253681f448c3a8e8287d,True,repo
eval/results/IDE_074_20260917/qwen/OPT4/SMOKE_131024/warmup/benchmark.raw.json,109021,a13efb002f4a047e26c001ca7a141fb08061b9cd8c7f585aa51e12e2965c0a0c,True,repo
eval/results/IDE_074_20260917/qwen/OPT4/SMOKE_131024/warmup/requests.jsonl,7395,6aef698dfebbcc62ddcd075fff7a2063c18db11c3073b42d8433d765f3d967ef,True,repo
eval/results/IDE_074_20260917/state/RUN_STATE.json,9913,802e19708f797c2d3e55ca711d1a5031cbcab8c875b46f653e7fea9bc5a1aab8,True,repo
eval/results/IDE_074_20260917/state/chain_f1g.log,193,fa69cf33d60dee7fc7a7220dc2b34860b92081d71834a30d0495a634b150347e,True,repo
eval/results/IDE_074_20260917/state/chain_m6.log,180,8135efeddd63ddc5746d99d3bd8dc00dec73470ea46d6d54356a9c51afba155d,True,repo
eval/results/IDE_074_20260917/state/execution_events.jsonl,13066,16255b17cc6226f650b625d1c341e3f488ebbc8640868156a1dea288ee1b099c,True,repo
eval/results/IDE_074_20260917/state/glm_chain.log,45,7b074233288125ce0f5b0997244b3b00334bd77b3ecb73a2543ad633535af13f,True,repo
eval/results/IDE_074_20260917/state/layer_timeline_TP0.log,428,351c3c406d00786c1fe45ed6ff3302796596a0ebf1c76ed11de3ff2ef72c7352,True,repo
eval/results/IDE_074_20260917/state/layer_timeline_TP1.log,346,8b71d9f0226e4ad3e5d279fbc57a1d55bf6762db166e1d2dd8333fa865056a7d,True,repo
eval/results/IDE_074_20260917/state/layer_timeline_TP2.log,344,ca76f6ccaf02b62ec7b311fdbc32dcac466a63cfe27823b579b206153fbb0afe,True,repo
eval/results/IDE_074_20260917/state/layer_timeline_TP3.log,348,c4e046e2f5ba85ec79e77d7efd699f12aabe8b9c88cb6304e5d4df6ca1367e8c,True,repo
eval/results/IDE_074_20260917/state/plan_B1.log,192,ee3c0c582025d4fa1dc66277297cfcee2db24776176c1090b168c81c3596dd41,True,repo
eval/results/IDE_074_20260917/state/plan_B2.log,119,2328b47077a2bf0f363c460ce25e5e72904c7641dfdb7ba55d845300b20f24c3,True,repo
eval/results/IDE_074_20260917/state/plan_B3.log,119,72165234a9d2be2c6b16ba08638f0fa60c284ac3c0cabfbd86f552bff6b575ea,True,repo
eval/results/IDE_074_20260917/state/plan_F1_OFF.log,108,e60684f8a902fb660d2ace373494de1ed2f69cf33dde7182d9e22e5c6a95062e,True,repo
eval/results/IDE_074_20260917/state/plan_F1_ON.log,104,9fe800b4827bc3077acf946d19360cf66c774311df5f64a1a18275b65c891eb3,True,repo
eval/results/IDE_074_20260917/state/plan_GLM.log,583,abb93608e11988d185ac2d48dbc2eaf67b81c0c6b40514e05deadb072d797c00,True,repo
eval/results/IDE_074_20260917/state/plan_SMOKE.log,78,40ec4604291773e10bf8afb71be59c4e1e93361719faaee99e1b36972b94523d,True,repo
eval/results/IDE_074_20260917/state/recompute_d2.log,304,ee2971e79db8821b76d33c462b18cc47f93cff0a2a9ad54c6df757c2870a2098,True,repo
eval/results/IDE_074_20260917/state/trace_pattern_probe.log,2143,d795ed8cd7382db40361343a7356c262c842cdff1e25d26c848cee9c10d4ddb1,True,repo
shadow_assists/features/IDE_074/BOTTLENECK_EVIDENCE.md,16533,4b77362510fe6cacd095dda2ed4f2195af0b9ae19ddbb92f87d22d01b7809e8b,True,repo
shadow_assists/features/IDE_074/CLAUDE.md,1438,9e2fe66567af8f6ce18cfcf68f13015c5c9560d81f5d667148b98443d70d51e2,True,repo
shadow_assists/features/IDE_074/COMPLETION_STATUS.md,1746,e241ead26cea5ae64c763ffa33c294334a920db9b005ba189d9145518e5c04d4,True,repo
shadow_assists/features/IDE_074/CONFIG_DIFF.md,3326,7247e5c5e046842766f065a949e0645b47fd923942a3d1edce40c594333f80a2,True,repo
shadow_assists/features/IDE_074/FULL_RAW_DATA.md,2484,3461f81b46dee83c85bf516508dc3abc971783702e7c38998d00e3dce95f73ef,True,repo
shadow_assists/features/IDE_074/FULL_REPORT.md,35502,b1012bf9fba512cf08877e125d86f78ba7fdcc0fdb670a714c8bb6150e855665,True,repo
shadow_assists/features/IDE_074/PLAN.md,47640,374c8f6f60bb20717d3a63dbc74a6e8bf49469487fd39a80c187c2e181c520f7,True,repo
shadow_assists/features/IDE_074/PLAN_RESOLVED.md,5288,026ac33477e72f0b0b246091338d2a7ba992b46aadfc931019b883ae949408bc,True,repo
shadow_assists/features/IDE_074/PROGRESS.md,1570,5d6704e4f89318172e06bd3e8ba7f09be5120bd92325e0519809d2f8c04bb352,True,repo
shadow_assists/features/IDE_074/PROGRESS_EVENTS.jsonl,535,bdb2639043c9b463730eb3bf37a09a8ef8f80244ac7606134c3ed8775993ef9e,True,repo
shadow_assists/features/IDE_074/README.md,2321,998cb95b2d0c8bef18c17ad1e37bd9c601441afabc26a7b0db8e431f59aa4f82,True,repo
shadow_assists/features/IDE_074/SOURCE_INDEX.md,3168,d8b3f44892875baea2752d9cf8b1847c449153f6593fda256b985d5001a5f1fa,True,repo
shadow_assists/features/IDE_074/WORK_LOG.md,5686,91d293ff39ea3ac96e24cc74bd74662b0e1ea98fa73d224ccbd50250eaef6d9c,True,repo
shadow_assists/features/IDE_074/evidence/effective_config_reference.json,2577,04cb9c3308859c0b86277e8c2ff2f9ed33f1f1051add1bf2ca67261cd57b9f78,True,repo
shadow_assists/features/IDE_074/evidence/environment.json,22330,d93353140fa40380f3836708ec7c73472f0d46751ff6a8326dc8ee157eedcfe7,True,repo
shadow_assists/features/IDE_074/evidence/hotmap_budget.json,3547,bd9f42d7cb7ac0ea114d742fa47d84211dc1bbab55995e91c04fc43c17044f1e,True,repo
shadow_assists/features/IDE_074/evidence/kt_evt_patch.diff,10374,4c0ef47d4231454b0c5f2795672811e22bd76be18f79616863602899d09755ca,True,repo
shadow_assists/features/IDE_074/profiles/code_map_survey.md,44214,625e9b1169c54818b977b9c91c951a4a12450cba9d76212d68a141fafd4d6463,True,repo
shadow_assists/features/IDE_074/profiles/corrected_metrics.csv,6916,4ceebfa54c70ad6e7598b3470ca37cf65ecc3c829e98d5d254fd6e1af5519fc0,True,repo
shadow_assists/features/IDE_074/profiles/corrected_metrics_meta.json,505,144a0a942e00b9df5b11b7089484c74ad48bada3c2225fdcc58d6d2a6d6317f7,True,repo
shadow_assists/features/IDE_074/profiles/gpu_layer_timeline_d2_retry2_TP0.csv.gz,1231867,10d1a2683715e8dfe74fd88be35da00ca9602bee25d888625ae84862dc26e96f,True,repo
shadow_assists/features/IDE_074/profiles/gpu_layer_timeline_d2_retry2_TP1.csv.gz,962613,c7eb07e76b0863caf06838f2ca1e8cb8fb2e3b2e38f55de33f7e7320a0c5224f,True,repo
shadow_assists/features/IDE_074/profiles/gpu_layer_timeline_d2_retry2_TP2.csv.gz,957904,f94c6a5991b1079c6c7e1e69d68145ebdf79ce254e38c72325af3a5923fea805,True,repo
shadow_assists/features/IDE_074/profiles/gpu_layer_timeline_d2_retry2_TP3.csv.gz,961396,fb59083e5910609ff43ef9aa54561b57fd465ebc5487b1b5ff53dbb1b8e9de0e,True,repo
shadow_assists/features/IDE_074/profiles/inter_moe_gaps_d2_retry2.csv.gz,5093637,1ce33e03f87813ec1aa98e177b6b97155cc8a6a2f2bea9f29c7700448e975fe2,True,repo
shadow_assists/features/IDE_074/profiles/observer_overhead.csv,3805,d527f0cfd280c154fe297732955d002208a8607506053c8ec92b4af5063c7749,True,repo
shadow_assists/features/IDE_074/profiles/probe_map.md,6449,bf07de20c3e728fb156ec977421f759b23103dad9a7184aa8d2eeb4eb4a2be4d,True,repo
shadow_assists/features/IDE_074/profiles/validation_results_SMOKE_S1.json,2944,ee03c79fd3f9bdeeb69341931dc0ac2cc403f9df454824d352e65b256655c8b3,True,repo
shadow_assists/features/IDE_074/raw_md/part-0001.md,2858546,7140179b27d1229acd0cc620f181b8a6c65c3ae4c30fa1319caae307a2bc54be,True,repo
shadow_assists/features/IDE_074/raw_md/part-0002.md,8000126,dfd09d3137883ddffa65a5f5b50eba24cec5268da63bdb1e9e521d3a447c0c3a,False,repo
shadow_assists/features/IDE_074/raw_md/part-0003.md,687455,0f195894a161479e739d19a49c7256f92619cea9a9ca3350e15e72260806f50f,True,repo
shadow_assists/features/IDE_074/raw_md/part-0004.md,8000130,70c6e6b3ea34f16f9c9a16a1e8b5e0963c9233ba67a401d70fd8ff053b82b75a,False,repo
shadow_assists/features/IDE_074/raw_md/part-0005.md,892393,b7ef050218592980e74cb8ce9dfbe7f68b3280dc559b6043dadff8419bc6570b,True,repo
shadow_assists/features/IDE_074/raw_md/part-0006.md,8000126,a48da76015b9798eaf7a440edd16b53f208971c6a12d6c3e9dca18d3604f1a98,False,repo
shadow_assists/features/IDE_074/raw_md/part-0007.md,698153,76fbdf95a629dda9ae6ec230abc774ee7f5c995944786dd839679931d5eb5e84,True,repo
shadow_assists/features/IDE_074/raw_md/part-0008.md,8000130,59124d0fd23b6d8119112ed1ae1d8b2ad635d19297ae03b078cfd872eac25422,False,repo
shadow_assists/features/IDE_074/raw_md/part-0009.md,893428,2effccac054a600828c5f7f7f08af43b5ffcf30688cf9a703d35cb2975f64196,True,repo
shadow_assists/features/IDE_074/raw_md/part-0010.md,8000126,65cccf946d283a164478f33d4f43efcbf7090cce9b2dd0f73c995254456e3a5d,False,repo
shadow_assists/features/IDE_074/raw_md/part-0011.md,705275,35beb1ad7e6b7329f4f2bd7abb50d9d80da4acd94aea5c5749959c016deb6e5a,True,repo
shadow_assists/features/IDE_074/raw_md/part-0012.md,8000130,8a6a1bc69d55b2d112f5162293b94138b3be8d41c2d071b9c47e4db57b083d29,False,repo
shadow_assists/features/IDE_074/raw_md/part-0013.md,4560944,016b9ab7948e4ddcf2986f21c5d6aa2dfd34a9e8e0562c97481d84ba9d5f3bea,True,repo
shadow_assists/features/IDE_074/raw_md/part-0014.md,8000132,de07fd2e06b4af9e94354ac907ab37155abdbc6db990c4547daa34e8ec3e4562,False,repo
shadow_assists/features/IDE_074/raw_md/part-0015.md,8000132,583937dd903195444b6ad79b648ff9ec53905bbee541ba92e457e273df3340ef,False,repo
shadow_assists/features/IDE_074/raw_md/part-0016.md,8000132,782e16605406e6b397959c759e2e471cbd3b6ec9dfc2608e3a19d60b9e1df686,False,repo
shadow_assists/features/IDE_074/raw_md/part-0017.md,8000132,b2bc6aad628557f5ad85f9037ae13bf7d5aef936c14581eac51a2ae908514a95,False,repo
shadow_assists/features/IDE_074/raw_md/part-0018.md,8000132,4cc2a19b0aa23519e46ff80490e70fdf72835020441223cf590223f572bb8a7a,False,repo
shadow_assists/features/IDE_074/raw_md/part-0019.md,5278386,721a668d642ae2413ccc87905fda31c6aa846f54b7b1d0f2071fcc8b3cd4b2d5,False,repo
shadow_assists/features/IDE_074/raw_md/part-0020.md,8000136,7c35c9ca9c7ff1359fd98716de67026d5b15467cf2571890a3b798607e36a0d8,False,repo
shadow_assists/features/IDE_074/raw_md/part-0021.md,8000136,7a70e4a8d7af881ac2a809a8f14a85f37971c814e1cebf7188cc0476e612ad90,False,repo
shadow_assists/features/IDE_074/raw_md/part-0022.md,8000136,4a846dea985da7b1fd67f21d88c9228701a3b00453e3e779aa050e8cf309519f,False,repo
shadow_assists/features/IDE_074/raw_md/part-0023.md,8000136,529b2b67a6158a29248cc7e6c21b17166991f443e8b3e085d9623975eb021dc7,False,repo
shadow_assists/features/IDE_074/raw_md/part-0024.md,8000136,753fadecf99f1c921887d4ef89043e248ce8dbb2af9698ae25a2b0388867c752,False,repo
shadow_assists/features/IDE_074/raw_md/part-0025.md,4167169,420e4eee391e354c604c9435f2b424f6e225f672bc2113cc6b544ecc1536d205,True,repo
shadow_assists/features/IDE_074/raw_md/part-0026.md,8000134,d2b5609fe0d917567b0281ee67ed0fea18c8555b29109d50fb1bcebb8b0a7ac3,False,repo
shadow_assists/features/IDE_074/raw_md/part-0027.md,3502209,891169bbc0f629b70eb79fd237b7b1c50579fe800448e0dbee1980e696418237,True,repo
shadow_assists/features/IDE_074/raw_md/part-0028.md,8000138,268ab51d1ce8b6bb3ad750fd4a5d125efe3f180110a903ee47ee923b59d29b9e,False,repo
shadow_assists/features/IDE_074/raw_md/part-0029.md,3722517,294ff8bf781c6163fdb327781783e48100e25d8d2b5d98c9a38c985d64ca4224,True,repo
shadow_assists/features/IDE_074/raw_md/part-0030.md,8000138,7ccc08b2b3a2db7bfd83429bedab8fcfdd1587f4cc4ff232ff5803f7d8d9039f,False,repo
shadow_assists/features/IDE_074/raw_md/part-0031.md,685107,49c721b18f2968ed144e3dd791ffdf04ff0c78bd9c5a38f335d71e23ca479804,True,repo
shadow_assists/features/IDE_074/raw_md/part-0032.md,8000142,2303a010fc84b694ca136d4717e9b2d4bec6f3c6cda0ed8185a4fbc9a51b8e14,False,repo
shadow_assists/features/IDE_074/raw_md/part-0033.md,747313,58665c916cff7d383dbf6197cdfd2ef6d74d216796d74c03713ee8031e036727,True,repo
shadow_assists/features/IDE_074/raw_md/part-0034.md,8000101,7b970e09f449f1c521276a9645e870370866fe2b5e37f2d13684bc0940edc99d,False,repo
shadow_assists/features/IDE_074/raw_md/part-0035.md,8000101,4acfd4b31357d33009ea1f89a5734990eb7c936ac551ba4f8ab469ed0284a79f,False,repo
shadow_assists/features/IDE_074/raw_md/part-0036.md,8000101,22903ab7014afe54e916b17adc6e1dabb889d0c76d2757e98526a1159cc63e58,False,repo
shadow_assists/features/IDE_074/raw_md/part-0037.md,30584,06c54e0ab59d30dada706b0b4021e68818ff4e3d9fb9239da199f4d67c6b5129,True,repo
shadow_assists/features/IDE_074/raw_md/part-0038.md,8000101,65744087606e2756d8e2a6538c1f92b37066c4613fb94f68e28b92f2622164b0,False,repo
shadow_assists/features/IDE_074/raw_md/part-0039.md,8000101,77ac2527fe4b8b93ed81fb380ac5d01af942b62d1cc976cac066c139091ff557,False,repo
shadow_assists/features/IDE_074/raw_md/part-0040.md,8000101,6bf54aec94947af0b548b725404d1d90d6e35a6e0b02d12401b424e7801dcc25,False,repo
shadow_assists/features/IDE_074/raw_md/part-0041.md,1375,3ae9616580255ad3ab347dd9ade582c3d8ceb21981d42dbe7810f505a2292018,True,repo
shadow_assists/features/IDE_074/raw_md/part-0042.md,8000104,fc6d6d8fffa49205499c1eaf3a1de72c008723eeb30a1288d7b6aa5a88deb900,False,repo
shadow_assists/features/IDE_074/raw_md/part-0043.md,8000104,cc93beee60e255c6c9dbc63e06184b692559b1810e9a0f21c5fdab59d9161e7f,False,repo
shadow_assists/features/IDE_074/raw_md/part-0044.md,8000104,5606902d12414b2db8d2a74c0c5a17b376d54d874a8e7b8315bedc0ec8f0c4e1,False,repo
shadow_assists/features/IDE_074/raw_md/part-0045.md,8000104,8c5bf71f93cbf5027c36132abce751835087c381c7416c25b9d6f721e64257a0,False,repo
shadow_assists/features/IDE_074/raw_md/part-0046.md,8000104,5ed11ffea24682bab3dc956e3b946a722331621a1ee453862df94023dcb205cf,False,repo
shadow_assists/features/IDE_074/raw_md/part-0047.md,4872494,81fda44339d1ec931286a499095e2791f69fa15632e55ff38c2864e544226b52,True,repo
shadow_assists/features/IDE_074/raw_md/part-0048.md,8000104,f8a782fc7e33a8bcf692e814f5d798cd4ee727e717235fdb5184c6a77901111e,False,repo
shadow_assists/features/IDE_074/raw_md/part-0049.md,4826907,e9f303af2c68dea4390cce1a84bdf6ccf9ae022fb56109bda4003e2ea4b2ff96,True,repo
shadow_assists/features/IDE_074/raw_md/part-0050.md,8000125,894ee07d83a75ddc9db5f434b3d307f57e4f385851a5dac8a73c71aca3c3f31c,False,repo
shadow_assists/features/IDE_074/raw_md/part-0051.md,560594,1623fceeb72fee6617feda2888024012d752bd80c2992866bf93217daabc7dd4,True,repo
shadow_assists/features/IDE_074/raw_md/part-0052.md,8000125,24b595b36f0cf85598c29608fa01e75cef134d67d37d25f498f973013522bab8,False,repo
shadow_assists/features/IDE_074/raw_md/part-0053.md,2372580,23645bfa36fb483674a4fafee464f3d3df7d77d66aa16752a1dffc2ac33a0e59,True,repo
shadow_assists/features/IDE_074/raw_md/part-0054.md,8000125,427df95e43451a41fd8f8b9746b0a555c2b444da21c48283506e439965b6f9fb,False,repo
shadow_assists/features/IDE_074/raw_md/part-0055.md,2373828,545df004d072193d83ad22418ac6b1802ededc1326ed3c60a3d80acce1965f35,True,repo
shadow_assists/features/IDE_074/raw_md/part-0056.md,8000125,889bf74a708a451cf88ed192a9cc870d48838307fe35a2a9d0a0b29ee7a33286,False,repo
shadow_assists/features/IDE_074/raw_md/part-0057.md,2374238,b97c3808efe20e0fb3d029700fc26e64e68489d0a18882efa0d8d86068fe103e,True,repo
shadow_assists/features/IDE_074/raw_md/part-0058.md,8000117,653b56b2688a5c32bcdbe1c1628a952f68cae9abf68d063321eaeb7a94ac6fde,False,repo
shadow_assists/features/IDE_074/raw_md/part-0059.md,8000117,18c4ede5147d77e264e7271cc8f92e6c770bf5e196b0835666bcd3b744822408,False,repo
shadow_assists/features/IDE_074/raw_md/part-0060.md,8000117,dab1eb3064a145d2b880e3470627b0eddac16b08bc23835ec3d7f128ace3aff1,False,repo
shadow_assists/features/IDE_074/raw_md/part-0061.md,8000117,9f23e0cb85f929b7d948e94a7b06baf3611d7eb0e07bba59377a1a624dc1840f,False,repo
shadow_assists/features/IDE_074/raw_md/part-0062.md,8000117,03314aa7bb4e6091a6605ca3e68a08ed7ab237d8ff43fbd17aada81b02d48336,False,repo
shadow_assists/features/IDE_074/raw_md/part-0063.md,346976,4fc6ba632708ac52ade64ee43d2b6cf911aea9d1e4b47ad303feea42cb5a9fdb,True,repo
shadow_assists/features/IDE_074/task.md,1785,0eb8d14ac75e3142d88c68d230597349dbcf93be253521dbbb5a4e2a1f869934,True,repo
shadow_assists/features/IDE_074/test.md,1434,18259023fac0478e20cecef90b9a3e8521515bf88005afde657b5a87762f2df6,True,repo
