timestamp,elapsed_s,gpu0_util_pct,gpu0_mem_util_pct,gpu0_mem_used_mb,gpu0_power_w,gpu0_temp_c,gpu1_util_pct,gpu1_mem_util_pct,gpu1_mem_used_mb,gpu1_power_w,gpu1_temp_c,gpu2_util_pct,gpu2_mem_util_pct,gpu2_mem_used_mb,gpu2_power_w,gpu2_temp_c,gpu3_util_pct,gpu3_mem_util_pct,gpu3_mem_used_mb,gpu3_power_w,gpu3_temp_c,gpu4_util_pct,gpu4_mem_util_pct,gpu4_mem_used_mb,gpu4_power_w,gpu4_temp_c,gpu5_util_pct,gpu5_mem_util_pct,gpu5_mem_used_mb,gpu5_power_w,gpu5_temp_c,gpu6_util_pct,gpu6_mem_util_pct,gpu6_mem_used_mb,gpu6_power_w,gpu6_temp_c,gpu7_util_pct,gpu7_mem_util_pct,gpu7_mem_used_mb,gpu7_power_w,gpu7_temp_c,gpu_avg_util_pct,gpu_avg_mem_util_pct,gpu_avg_power_w
2026-04-20 13:58:15.171,0.901,0.0,0.0,70995.0,116.71,36.0,0.0,0.0,71077.0,116.67,30.0,0.0,0.0,71077.0,114.39,29.0,0.0,0.0,71077.0,122.92,38.0,0.0,0.0,71077.0,131.11,37.0,0.0,0.0,71077.0,115.72,31.0,0.0,0.0,71077.0,113.87,29.0,0.0,0.0,70995.0,119.14,37.0,0.0,0.0,950.53
2026-04-20 13:58:16.350,2.08,0.0,0.0,70995.0,116.74,36.0,0.0,0.0,71077.0,116.68,30.0,0.0,0.0,71077.0,114.27,29.0,0.0,0.0,71077.0,122.88,38.0,0.0,0.0,71077.0,131.04,37.0,0.0,0.0,71077.0,115.7,31.0,0.0,0.0,71077.0,113.89,29.0,0.0,0.0,70995.0,119.15,37.0,0.0,0.0,950.35
2026-04-20 13:58:17.529,3.258,0.0,0.0,70995.0,116.7,36.0,0.0,0.0,71077.0,116.72,30.0,0.0,0.0,71077.0,114.41,29.0,0.0,0.0,71077.0,122.91,38.0,0.0,0.0,71077.0,131.1,37.0,0.0,0.0,71077.0,115.69,31.0,0.0,0.0,71077.0,113.92,29.0,0.0,0.0,70995.0,119.14,37.0,0.0,0.0,950.59
2026-04-20 13:58:18.708,4.437,0.0,0.0,70995.0,116.75,36.0,0.0,0.0,71077.0,116.65,30.0,0.0,0.0,71077.0,114.4,29.0,0.0,0.0,71077.0,122.91,38.0,0.0,0.0,71077.0,131.07,37.0,0.0,0.0,71077.0,115.65,31.0,0.0,0.0,71077.0,113.87,29.0,0.0,0.0,70995.0,119.18,37.0,0.0,0.0,950.48
2026-04-20 13:58:19.872,5.602,0.0,0.0,70995.0,116.73,36.0,0.0,0.0,71077.0,116.68,30.0,0.0,0.0,71077.0,114.29,29.0,0.0,0.0,71077.0,122.9,38.0,0.0,0.0,71077.0,131.11,37.0,0.0,0.0,71077.0,115.66,31.0,0.0,0.0,71077.0,113.9,29.0,0.0,0.0,70995.0,119.18,37.0,0.0,0.0,950.45
2026-04-20 13:58:21.041,6.77,0.0,0.0,70995.0,116.73,36.0,0.0,0.0,71077.0,116.7,30.0,0.0,0.0,71077.0,114.34,29.0,0.0,0.0,71077.0,122.88,38.0,0.0,0.0,71077.0,131.06,37.0,0.0,0.0,71077.0,115.69,31.0,0.0,0.0,71077.0,113.92,29.0,0.0,0.0,70995.0,119.14,37.0,0.0,0.0,950.46
2026-04-20 13:58:22.206,7.936,0.0,0.0,70995.0,116.71,36.0,0.0,0.0,71077.0,116.67,30.0,0.0,0.0,71077.0,114.35,29.0,0.0,0.0,71077.0,122.89,38.0,0.0,0.0,71077.0,131.07,37.0,0.0,0.0,71077.0,115.7,31.0,0.0,0.0,71077.0,113.87,29.0,0.0,0.0,70995.0,119.15,37.0,0.0,0.0,950.41
2026-04-20 13:58:23.386,9.115,0.0,0.0,70995.0,116.69,36.0,0.0,0.0,71077.0,116.65,30.0,0.0,0.0,71077.0,114.25,29.0,0.0,0.0,71077.0,122.89,38.0,0.0,0.0,71077.0,131.11,37.0,0.0,0.0,71077.0,115.68,31.0,0.0,0.0,71077.0,113.85,29.0,0.0,0.0,70995.0,119.11,37.0,0.0,0.0,950.23
2026-04-20 13:58:24.580,10.309,0.0,0.0,70995.0,116.74,36.0,0.0,0.0,71077.0,116.66,30.0,0.0,0.0,71077.0,114.25,29.0,0.0,0.0,71077.0,122.91,38.0,0.0,0.0,71077.0,131.07,37.0,0.0,0.0,71077.0,115.67,31.0,0.0,0.0,71077.0,113.92,29.0,0.0,0.0,70995.0,119.16,37.0,0.0,0.0,950.38
2026-04-20 13:58:25.755,11.484,0.0,0.0,70995.0,116.7,36.0,0.0,0.0,71077.0,116.64,30.0,0.0,0.0,71077.0,114.42,29.0,0.0,0.0,71077.0,122.88,38.0,0.0,0.0,71077.0,131.06,37.0,0.0,0.0,71077.0,115.7,31.0,0.0,0.0,71077.0,113.89,29.0,0.0,0.0,70995.0,119.15,37.0,0.0,0.0,950.44
2026-04-20 13:58:26.931,12.66,0.0,0.0,70995.0,116.74,36.0,0.0,0.0,71077.0,116.67,30.0,0.0,0.0,71077.0,114.35,29.0,0.0,0.0,71077.0,122.89,38.0,0.0,0.0,71077.0,131.05,37.0,0.0,0.0,71077.0,115.7,31.0,0.0,0.0,71077.0,113.86,29.0,0.0,0.0,70995.0,119.14,37.0,0.0,0.0,950.4
2026-04-20 13:58:28.119,13.848,0.0,0.0,70995.0,116.66,36.0,0.0,0.0,71077.0,116.68,30.0,0.0,0.0,71077.0,114.28,29.0,0.0,0.0,71077.0,122.9,38.0,0.0,0.0,71077.0,131.05,37.0,0.0,0.0,71077.0,115.69,31.0,0.0,0.0,71077.0,113.87,29.0,0.0,0.0,70995.0,119.14,37.0,0.0,0.0,950.27
2026-04-20 13:58:29.296,15.025,0.0,0.0,70995.0,116.73,36.0,0.0,0.0,71077.0,116.75,30.0,0.0,0.0,71077.0,114.36,29.0,0.0,0.0,71077.0,122.86,38.0,0.0,0.0,71077.0,131.04,37.0,0.0,0.0,71077.0,115.7,31.0,0.0,0.0,71077.0,113.9,29.0,0.0,0.0,70995.0,119.14,37.0,0.0,0.0,950.48
2026-04-20 13:58:30.470,16.199,0.0,0.0,70995.0,116.68,36.0,0.0,0.0,71077.0,116.68,30.0,0.0,0.0,71077.0,114.41,29.0,0.0,0.0,71077.0,122.95,38.0,0.0,0.0,71077.0,131.07,37.0,0.0,0.0,71077.0,115.69,31.0,0.0,0.0,71077.0,113.94,29.0,0.0,0.0,70995.0,119.12,37.0,0.0,0.0,950.54
2026-04-20 13:58:31.658,17.387,0.0,0.0,70995.0,116.69,36.0,0.0,0.0,71077.0,116.66,30.0,0.0,0.0,71077.0,114.28,29.0,0.0,0.0,71077.0,122.91,38.0,0.0,0.0,71077.0,131.1,37.0,0.0,0.0,71077.0,115.7,31.0,0.0,0.0,71077.0,113.88,29.0,0.0,0.0,70995.0,119.14,37.0,0.0,0.0,950.36
2026-04-20 13:58:32.836,18.565,0.0,0.0,70995.0,116.68,36.0,0.0,0.0,71077.0,116.68,30.0,0.0,0.0,71077.0,114.37,29.0,0.0,0.0,71077.0,122.88,38.0,0.0,0.0,71077.0,131.02,37.0,0.0,0.0,71077.0,115.71,31.0,0.0,0.0,71077.0,113.9,29.0,0.0,0.0,70995.0,119.15,37.0,0.0,0.0,950.39
2026-04-20 13:58:34.004,19.733,0.0,0.0,70995.0,116.67,36.0,0.0,0.0,71077.0,116.66,30.0,0.0,0.0,71077.0,114.35,29.0,0.0,0.0,71077.0,122.86,38.0,0.0,0.0,71077.0,131.05,37.0,0.0,0.0,71077.0,115.69,31.0,0.0,0.0,71077.0,113.89,29.0,0.0,0.0,70995.0,119.11,37.0,0.0,0.0,950.28
2026-04-20 13:58:35.170,20.899,0.0,0.0,70995.0,116.68,36.0,0.0,0.0,71077.0,116.69,30.0,0.0,0.0,71077.0,114.23,29.0,0.0,0.0,71077.0,122.89,38.0,0.0,0.0,71077.0,131.04,37.0,0.0,0.0,71077.0,115.7,31.0,0.0,0.0,71077.0,113.89,29.0,0.0,0.0,70995.0,119.1,37.0,0.0,0.0,950.22
2026-04-20 13:58:36.358,22.088,0.0,0.0,70995.0,116.68,36.0,0.0,0.0,71077.0,116.65,30.0,0.0,0.0,71077.0,114.24,29.0,0.0,0.0,71077.0,122.84,38.0,0.0,0.0,71077.0,131.02,37.0,0.0,0.0,71077.0,115.69,31.0,0.0,0.0,71077.0,113.89,29.0,0.0,0.0,70995.0,119.13,37.0,0.0,0.0,950.14
2026-04-20 13:58:37.525,23.255,0.0,0.0,70995.0,116.68,36.0,0.0,0.0,71077.0,116.7,30.0,0.0,0.0,71077.0,114.37,29.0,0.0,0.0,71077.0,122.87,38.0,0.0,0.0,71077.0,131.0,37.0,0.0,0.0,71077.0,115.67,31.0,0.0,0.0,71077.0,113.87,29.0,0.0,0.0,70995.0,119.11,37.0,0.0,0.0,950.27
2026-04-20 13:58:38.694,24.423,0.0,0.0,70995.0,116.67,36.0,0.0,0.0,71077.0,116.66,30.0,0.0,0.0,71077.0,114.33,29.0,0.0,0.0,71077.0,122.87,38.0,0.0,0.0,71077.0,131.0,37.0,0.0,0.0,71077.0,115.68,31.0,0.0,0.0,71077.0,113.88,29.0,0.0,0.0,70995.0,119.09,37.0,0.0,0.0,950.18
2026-04-20 13:58:39.871,25.6,0.0,0.0,70995.0,116.66,36.0,0.0,0.0,71077.0,116.62,30.0,0.0,0.0,71077.0,114.19,29.0,0.0,0.0,71077.0,122.83,38.0,0.0,0.0,71077.0,131.02,37.0,0.0,0.0,71077.0,115.66,31.0,0.0,0.0,71077.0,113.88,29.0,0.0,0.0,70995.0,119.14,37.0,0.0,0.0,950.0
2026-04-20 13:58:41.034,26.764,0.0,0.0,70995.0,116.65,36.0,0.0,0.0,71077.0,116.65,30.0,0.0,0.0,71077.0,114.31,29.0,0.0,0.0,71077.0,122.81,38.0,0.0,0.0,71077.0,131.0,37.0,0.0,0.0,71077.0,115.7,31.0,0.0,0.0,71077.0,113.9,29.0,0.0,0.0,70995.0,119.13,37.0,0.0,0.0,950.15
2026-04-20 13:58:42.201,27.93,0.0,0.0,70995.0,116.63,36.0,0.0,0.0,71077.0,116.64,30.0,0.0,0.0,71077.0,114.35,29.0,0.0,0.0,71077.0,122.84,38.0,0.0,0.0,71077.0,130.98,37.0,0.0,0.0,71077.0,115.7,31.0,0.0,0.0,71077.0,113.86,29.0,0.0,0.0,70995.0,119.06,37.0,0.0,0.0,950.06
2026-04-20 13:58:43.401,29.13,0.0,0.0,70995.0,116.67,36.0,0.0,0.0,71077.0,116.64,30.0,0.0,0.0,71077.0,114.28,29.0,0.0,0.0,71077.0,122.83,38.0,0.0,0.0,71077.0,131.02,37.0,0.0,0.0,71077.0,115.7,31.0,0.0,0.0,71077.0,113.84,29.0,0.0,0.0,70995.0,119.1,37.0,0.0,0.0,950.08
2026-04-20 13:58:44.567,30.296,0.0,0.0,70995.0,116.67,36.0,0.0,0.0,71077.0,116.6,30.0,0.0,0.0,71077.0,114.32,29.0,0.0,0.0,71077.0,122.84,38.0,0.0,0.0,71077.0,130.97,37.0,0.0,0.0,71077.0,115.68,31.0,0.0,0.0,71077.0,113.88,29.0,0.0,0.0,70995.0,119.06,37.0,0.0,0.0,950.02
2026-04-20 13:58:45.729,31.458,0.0,0.0,70995.0,116.64,36.0,0.0,0.0,71077.0,116.65,30.0,0.0,0.0,71077.0,114.37,29.0,0.0,0.0,71077.0,122.88,38.0,0.0,0.0,71077.0,131.01,37.0,0.0,0.0,71077.0,115.68,31.0,0.0,0.0,71077.0,113.78,29.0,0.0,0.0,70995.0,119.08,37.0,0.0,0.0,950.09
2026-04-20 13:58:46.904,32.633,0.0,0.0,70995.0,116.64,36.0,0.0,0.0,71077.0,116.64,30.0,0.0,0.0,71077.0,114.25,29.0,0.0,0.0,71077.0,122.89,38.0,0.0,0.0,71077.0,130.96,37.0,0.0,0.0,71077.0,115.66,31.0,0.0,0.0,71077.0,113.84,29.0,0.0,0.0,70995.0,119.1,37.0,0.0,0.0,949.98
2026-04-20 13:58:48.085,33.814,0.0,0.0,70995.0,116.64,36.0,0.0,0.0,71077.0,116.6,30.0,0.0,0.0,71077.0,114.22,29.0,0.0,0.0,71077.0,122.82,38.0,0.0,0.0,71077.0,130.98,37.0,0.0,0.0,71077.0,115.67,31.0,0.0,0.0,71077.0,113.84,29.0,0.0,0.0,70995.0,119.08,37.0,0.0,0.0,949.85
2026-04-20 13:58:49.260,34.989,0.0,0.0,70995.0,116.63,36.0,0.0,0.0,71077.0,116.59,30.0,0.0,0.0,71077.0,114.35,29.0,0.0,0.0,71077.0,122.78,38.0,0.0,0.0,71077.0,130.95,37.0,0.0,0.0,71077.0,115.66,31.0,0.0,0.0,71077.0,113.91,29.0,0.0,0.0,70995.0,119.01,37.0,0.0,0.0,949.88
2026-04-20 13:58:50.425,36.155,0.0,0.0,70995.0,116.65,36.0,0.0,0.0,71077.0,116.62,30.0,0.0,0.0,71077.0,114.32,29.0,0.0,0.0,71077.0,122.79,38.0,0.0,0.0,71077.0,130.96,37.0,0.0,0.0,71077.0,115.64,31.0,0.0,0.0,71077.0,113.86,29.0,0.0,0.0,70995.0,119.07,37.0,0.0,0.0,949.91
2026-04-20 13:58:51.600,37.33,0.0,0.0,70995.0,116.64,36.0,0.0,0.0,71077.0,116.67,30.0,0.0,0.0,71077.0,114.18,29.0,0.0,0.0,71077.0,122.81,38.0,0.0,0.0,71077.0,130.96,37.0,0.0,0.0,71077.0,115.67,31.0,0.0,0.0,71077.0,113.86,29.0,0.0,0.0,70995.0,119.09,37.0,0.0,0.0,949.88
2026-04-20 13:58:52.778,38.507,0.0,0.0,70995.0,116.64,36.0,0.0,0.0,71077.0,116.61,30.0,0.0,0.0,71077.0,114.3,29.0,0.0,0.0,71077.0,122.83,38.0,0.0,0.0,71077.0,130.95,37.0,0.0,0.0,71077.0,115.67,31.0,0.0,0.0,71077.0,113.86,29.0,0.0,0.0,70995.0,119.06,37.0,0.0,0.0,949.92
2026-04-20 13:58:53.956,39.685,0.0,0.0,70995.0,116.66,36.0,0.0,0.0,71077.0,116.62,30.0,0.0,0.0,71077.0,114.37,29.0,0.0,0.0,71077.0,122.81,38.0,0.0,0.0,71077.0,130.96,37.0,0.0,0.0,71077.0,115.66,31.0,0.0,0.0,71077.0,113.86,29.0,0.0,0.0,70995.0,119.07,37.0,0.0,0.0,950.01
2026-04-20 13:58:55.120,40.849,0.0,0.0,70995.0,116.6,36.0,0.0,0.0,71077.0,116.61,30.0,0.0,0.0,71077.0,114.24,29.0,0.0,0.0,71077.0,122.8,38.0,0.0,0.0,71077.0,130.94,37.0,0.0,0.0,71077.0,115.68,31.0,0.0,0.0,71077.0,113.83,29.0,0.0,0.0,70995.0,119.08,37.0,0.0,0.0,949.78
2026-04-20 13:58:56.287,42.017,0.0,0.0,70995.0,116.71,36.0,0.0,0.0,71077.0,116.62,30.0,0.0,0.0,71077.0,114.28,29.0,0.0,0.0,71077.0,122.77,38.0,0.0,0.0,71077.0,130.91,37.0,0.0,0.0,71077.0,115.65,31.0,0.0,0.0,71077.0,113.89,29.0,0.0,0.0,70995.0,119.08,37.0,0.0,0.0,949.91
2026-04-20 13:58:57.462,43.191,0.0,0.0,70995.0,116.61,36.0,0.0,0.0,71077.0,116.61,30.0,0.0,0.0,71077.0,114.34,29.0,0.0,0.0,71077.0,122.81,38.0,0.0,0.0,71077.0,130.97,37.0,0.0,0.0,71077.0,115.67,31.0,0.0,0.0,71077.0,113.84,29.0,0.0,0.0,70995.0,119.05,37.0,0.0,0.0,949.9
2026-04-20 13:58:58.626,44.355,0.0,0.0,70995.0,116.65,36.0,0.0,0.0,71077.0,116.6,30.0,0.0,0.0,71077.0,114.29,29.0,0.0,0.0,71077.0,122.77,38.0,0.0,0.0,71077.0,130.93,37.0,0.0,0.0,71077.0,115.63,31.0,0.0,0.0,71077.0,113.84,29.0,0.0,0.0,70995.0,119.1,37.0,0.0,0.0,949.81
2026-04-20 13:58:59.801,45.531,0.0,0.0,70995.0,116.62,36.0,0.0,0.0,71077.0,116.63,30.0,0.0,0.0,71077.0,114.24,29.0,0.0,0.0,71077.0,122.8,38.0,0.0,0.0,71077.0,130.96,37.0,0.0,0.0,71077.0,115.67,31.0,0.0,0.0,71077.0,113.84,29.0,0.0,0.0,70995.0,119.07,37.0,0.0,0.0,949.83
2026-04-20 13:59:00.967,46.696,0.0,0.0,70995.0,116.62,36.0,0.0,0.0,71077.0,116.6,30.0,0.0,0.0,71077.0,114.33,29.0,0.0,0.0,71077.0,122.81,38.0,0.0,0.0,71077.0,130.94,37.0,0.0,0.0,71077.0,115.67,31.0,0.0,0.0,71077.0,113.83,29.0,0.0,0.0,70995.0,119.05,37.0,0.0,0.0,949.85
2026-04-20 13:59:02.132,47.861,0.0,0.0,70995.0,116.62,36.0,0.0,0.0,71077.0,116.65,30.0,0.0,0.0,71077.0,114.28,29.0,0.0,0.0,71077.0,122.82,38.0,0.0,0.0,71077.0,130.91,37.0,0.0,0.0,71077.0,115.67,31.0,0.0,0.0,71077.0,113.81,29.0,0.0,0.0,70995.0,119.08,37.0,0.0,0.0,949.84
2026-04-20 13:59:03.298,49.028,0.0,0.0,70995.0,116.65,36.0,0.0,0.0,71077.0,116.63,30.0,0.0,0.0,71077.0,114.18,29.0,0.0,0.0,71077.0,122.81,38.0,0.0,0.0,71077.0,130.98,37.0,0.0,0.0,71077.0,115.67,31.0,0.0,0.0,71077.0,113.91,29.0,0.0,0.0,70995.0,119.05,37.0,0.0,0.0,949.88
2026-04-20 13:59:04.476,50.205,0.0,0.0,70995.0,116.65,36.0,0.0,0.0,71077.0,116.62,30.0,0.0,0.0,71077.0,114.32,29.0,0.0,0.0,71077.0,122.81,38.0,0.0,0.0,71077.0,130.94,37.0,0.0,0.0,71077.0,115.7,31.0,0.0,0.0,71077.0,113.91,29.0,0.0,0.0,70995.0,119.12,37.0,0.0,0.0,950.07
2026-04-20 13:59:05.652,51.381,0.0,0.0,70995.0,116.66,36.0,0.0,0.0,71077.0,116.67,30.0,0.0,0.0,71077.0,114.38,29.0,0.0,0.0,71077.0,122.79,38.0,0.0,0.0,71077.0,130.94,37.0,0.0,0.0,71077.0,115.64,31.0,0.0,0.0,71077.0,113.85,29.0,0.0,0.0,70995.0,119.08,37.0,0.0,0.0,950.01
2026-04-20 13:59:06.817,52.546,0.0,0.0,70995.0,116.61,36.0,0.0,0.0,71077.0,116.62,30.0,0.0,0.0,71077.0,114.23,29.0,0.0,0.0,71077.0,122.84,38.0,0.0,0.0,71077.0,130.96,37.0,0.0,0.0,71077.0,115.66,31.0,0.0,0.0,71077.0,113.86,29.0,0.0,0.0,70995.0,119.04,37.0,0.0,0.0,949.82
2026-04-20 13:59:07.984,53.713,0.0,0.0,70995.0,116.64,36.0,0.0,0.0,71077.0,116.62,30.0,0.0,0.0,71077.0,114.3,29.0,0.0,0.0,71077.0,122.79,38.0,0.0,0.0,71077.0,130.97,37.0,0.0,0.0,71077.0,115.68,31.0,0.0,0.0,71077.0,113.87,29.0,0.0,0.0,70995.0,119.03,37.0,0.0,0.0,949.9
2026-04-20 13:59:09.150,54.88,0.0,0.0,70995.0,116.64,36.0,0.0,0.0,71077.0,116.64,30.0,0.0,0.0,71077.0,114.36,29.0,0.0,0.0,71077.0,122.78,38.0,0.0,0.0,71077.0,130.93,37.0,0.0,0.0,71077.0,115.64,31.0,0.0,0.0,71077.0,113.88,29.0,0.0,0.0,70995.0,119.08,37.0,0.0,0.0,949.95
2026-04-20 13:59:10.313,56.042,0.0,0.0,70995.0,116.58,36.0,0.0,0.0,71077.0,116.59,30.0,0.0,0.0,71077.0,114.26,29.0,0.0,0.0,71077.0,122.76,38.0,0.0,0.0,71077.0,130.96,37.0,0.0,0.0,71077.0,115.62,31.0,0.0,0.0,71077.0,113.85,29.0,0.0,0.0,70995.0,119.04,37.0,0.0,0.0,949.66
2026-04-20 13:59:11.490,57.219,0.0,0.0,70995.0,116.66,36.0,0.0,0.0,71077.0,116.61,30.0,0.0,0.0,71077.0,114.14,29.0,0.0,0.0,71077.0,122.79,38.0,0.0,0.0,71077.0,130.91,37.0,0.0,0.0,71077.0,115.66,31.0,0.0,0.0,71077.0,113.84,29.0,0.0,0.0,70995.0,119.07,37.0,0.0,0.0,949.68
2026-04-20 13:59:12.655,58.384,0.0,0.0,70995.0,116.65,36.0,0.0,0.0,71077.0,116.63,30.0,0.0,0.0,71077.0,114.31,29.0,0.0,0.0,71077.0,122.82,38.0,0.0,0.0,71077.0,130.94,37.0,0.0,0.0,71077.0,115.68,31.0,0.0,0.0,71077.0,113.86,29.0,0.0,0.0,70995.0,119.08,37.0,0.0,0.0,949.97
2026-04-20 13:59:13.843,59.573,0.0,0.0,70995.0,126.87,37.0,0.0,0.0,71077.0,120.89,30.0,0.0,0.0,71077.0,119.9,30.0,90.0,3.0,71077.0,175.26,43.0,77.0,4.0,71077.0,142.67,38.0,73.0,2.0,71077.0,172.94,32.0,85.0,3.0,71077.0,124.77,35.0,0.0,0.0,70995.0,141.91,46.0,40.62,1.5,1125.21
2026-04-20 13:59:15.145,60.874,100.0,51.0,70995.0,570.12,50.0,100.0,52.0,71077.0,594.27,43.0,99.0,50.0,71077.0,576.68,44.0,68.0,35.0,71077.0,587.48,55.0,69.0,35.0,71077.0,618.1,51.0,76.0,38.0,71077.0,586.81,45.0,69.0,35.0,71077.0,605.94,44.0,83.0,42.0,70995.0,594.73,51.0,83.0,42.25,4734.13
2026-04-20 13:59:16.415,62.144,50.0,16.0,70995.0,326.35,44.0,47.0,16.0,71077.0,320.83,37.0,45.0,15.0,71077.0,317.49,36.0,52.0,18.0,71077.0,334.65,48.0,47.0,16.0,71077.0,342.19,45.0,54.0,18.0,71077.0,319.53,39.0,55.0,18.0,71077.0,319.28,37.0,53.0,18.0,70995.0,327.63,46.0,50.38,16.88,2607.95
2026-04-20 13:59:17.724,63.454,45.0,15.0,70995.0,323.74,43.0,54.0,19.0,71077.0,328.37,38.0,54.0,19.0,71077.0,321.71,37.0,55.0,19.0,71077.0,332.88,49.0,48.0,17.0,71077.0,345.5,44.0,55.0,19.0,71077.0,322.93,40.0,53.0,18.0,71077.0,320.33,38.0,50.0,17.0,70995.0,329.84,45.0,51.75,17.88,2625.3
2026-04-20 13:59:18.997,64.727,49.0,17.0,70995.0,324.73,43.0,56.0,19.0,71077.0,330.13,39.0,52.0,18.0,71077.0,328.81,38.0,48.0,17.0,71077.0,337.48,49.0,52.0,18.0,71077.0,347.74,45.0,51.0,17.0,71077.0,325.64,40.0,52.0,18.0,71077.0,327.43,38.0,52.0,18.0,70995.0,334.1,45.0,51.5,17.75,2656.06
2026-04-20 13:59:20.306,66.036,0.0,0.0,70995.0,227.43,39.0,0.0,0.0,71077.0,215.99,33.0,0.0,0.0,71077.0,211.38,32.0,0.0,0.0,71077.0,228.16,42.0,0.0,0.0,71077.0,230.28,40.0,0.0,0.0,71077.0,213.73,34.0,0.0,0.0,71077.0,207.0,32.0,0.0,0.0,70995.0,207.55,39.0,0.0,0.0,1741.52
2026-04-20 13:59:21.581,67.311,0.0,0.0,70995.0,116.57,38.0,0.0,0.0,71077.0,117.42,32.0,0.0,0.0,71077.0,114.77,31.0,0.0,0.0,71077.0,124.78,41.0,0.0,0.0,71077.0,132.6,39.0,0.0,0.0,71077.0,115.57,33.0,0.0,0.0,71077.0,114.25,31.0,0.0,0.0,70995.0,119.12,39.0,0.0,0.0,955.08
2026-04-20 13:59:22.899,68.628,0.0,0.0,70995.0,116.44,38.0,0.0,0.0,71077.0,117.16,32.0,0.0,0.0,71077.0,114.52,31.0,0.0,0.0,71077.0,124.32,40.0,0.0,0.0,71077.0,132.3,39.0,0.0,0.0,71077.0,115.35,32.0,0.0,0.0,71077.0,114.05,31.0,0.0,0.0,70995.0,118.99,39.0,0.0,0.0,953.13
2026-04-20 13:59:24.161,69.89,0.0,0.0,70995.0,116.35,38.0,0.0,0.0,71077.0,117.07,32.0,0.0,0.0,71077.0,114.53,31.0,0.0,0.0,71077.0,124.13,40.0,0.0,0.0,71077.0,132.14,39.0,0.0,0.0,71077.0,115.32,32.0,0.0,0.0,71077.0,114.04,31.0,0.0,0.0,70995.0,118.92,38.0,0.0,0.0,952.5
2026-04-20 13:59:25.469,71.198,0.0,0.0,70995.0,116.32,38.0,0.0,0.0,71077.0,116.99,32.0,0.0,0.0,71077.0,114.38,31.0,0.0,0.0,71077.0,124.01,40.0,0.0,0.0,71077.0,132.05,39.0,0.0,0.0,71077.0,115.22,32.0,0.0,0.0,71077.0,113.98,31.0,0.0,0.0,70995.0,118.94,38.0,0.0,0.0,951.89
2026-04-20 13:59:26.732,72.462,0.0,0.0,70995.0,116.3,38.0,0.0,0.0,71077.0,116.95,32.0,0.0,0.0,71077.0,114.42,31.0,0.0,0.0,71077.0,123.96,40.0,0.0,0.0,71077.0,131.98,39.0,0.0,0.0,71077.0,115.18,32.0,0.0,0.0,71077.0,113.93,31.0,0.0,0.0,70995.0,118.9,38.0,0.0,0.0,951.62
2026-04-20 13:59:27.997,73.726,0.0,0.0,70995.0,116.29,38.0,0.0,0.0,71077.0,116.88,31.0,0.0,0.0,71077.0,114.4,31.0,0.0,0.0,71077.0,123.96,40.0,0.0,0.0,71077.0,131.95,39.0,0.0,0.0,71077.0,115.12,32.0,0.0,0.0,71077.0,113.9,31.0,0.0,0.0,70995.0,118.89,38.0,0.0,0.0,951.39
2026-04-20 13:59:29.296,75.025,0.0,0.0,70995.0,116.23,38.0,0.0,0.0,71077.0,116.84,31.0,0.0,0.0,71077.0,114.26,31.0,0.0,0.0,71077.0,123.9,40.0,0.0,0.0,71077.0,131.9,39.0,0.0,0.0,71077.0,115.16,32.0,0.0,0.0,71077.0,113.89,31.0,0.0,0.0,70995.0,118.88,38.0,0.0,0.0,951.06
2026-04-20 13:59:30.573,76.302,0.0,0.0,70995.0,116.25,38.0,0.0,0.0,71077.0,116.83,31.0,0.0,0.0,71077.0,114.38,31.0,0.0,0.0,71077.0,123.86,40.0,0.0,0.0,71077.0,131.86,39.0,0.0,0.0,71077.0,115.14,32.0,0.0,0.0,71077.0,113.88,31.0,0.0,0.0,70995.0,118.82,38.0,0.0,0.0,951.02
2026-04-20 13:59:31.853,77.583,0.0,0.0,70995.0,116.27,38.0,0.0,0.0,71077.0,116.85,31.0,0.0,0.0,71077.0,114.25,31.0,0.0,0.0,71077.0,123.87,40.0,0.0,0.0,71077.0,131.79,39.0,0.0,0.0,71077.0,115.09,32.0,0.0,0.0,71077.0,113.83,31.0,0.0,0.0,70995.0,118.83,38.0,0.0,0.0,950.78
2026-04-20 13:59:33.126,78.855,0.0,0.0,70995.0,116.26,38.0,0.0,0.0,71077.0,116.77,31.0,0.0,0.0,71077.0,114.2,31.0,0.0,0.0,71077.0,123.83,40.0,0.0,0.0,71077.0,131.86,39.0,0.0,0.0,71077.0,115.08,32.0,0.0,0.0,71077.0,113.78,31.0,0.0,0.0,70995.0,118.81,38.0,0.0,0.0,950.59
2026-04-20 13:59:34.445,80.174,0.0,0.0,70995.0,116.22,38.0,0.0,0.0,71077.0,116.72,31.0,0.0,0.0,71077.0,114.28,31.0,0.0,0.0,71077.0,123.82,40.0,0.0,0.0,71077.0,131.78,38.0,0.0,0.0,71077.0,115.11,32.0,0.0,0.0,71077.0,113.8,31.0,0.0,0.0,70995.0,118.79,38.0,0.0,0.0,950.52
2026-04-20 13:59:35.720,81.449,0.0,0.0,70995.0,116.17,38.0,0.0,0.0,71077.0,116.71,31.0,0.0,0.0,71077.0,114.11,31.0,0.0,0.0,71077.0,123.79,40.0,0.0,0.0,71077.0,131.74,38.0,0.0,0.0,71077.0,115.05,32.0,0.0,0.0,71077.0,113.79,31.0,0.0,0.0,70995.0,118.79,38.0,0.0,0.0,950.15
2026-04-20 13:59:36.995,82.724,0.0,0.0,70995.0,116.19,38.0,0.0,0.0,71077.0,116.71,31.0,0.0,0.0,71077.0,114.2,30.0,0.0,0.0,71077.0,123.76,39.0,0.0,0.0,71077.0,131.73,38.0,0.0,0.0,71077.0,114.98,32.0,0.0,0.0,71077.0,113.74,31.0,0.0,0.0,70995.0,118.75,38.0,0.0,0.0,950.06
2026-04-20 13:59:38.322,84.051,0.0,0.0,70995.0,116.18,38.0,0.0,0.0,71077.0,116.67,31.0,0.0,0.0,71077.0,114.19,30.0,0.0,0.0,71077.0,123.8,39.0,0.0,0.0,71077.0,131.71,38.0,0.0,0.0,71077.0,115.03,32.0,0.0,0.0,71077.0,113.78,30.0,0.0,0.0,70995.0,118.76,38.0,0.0,0.0,950.12
2026-04-20 13:59:39.606,85.335,0.0,0.0,70995.0,116.18,38.0,0.0,0.0,71077.0,116.66,31.0,0.0,0.0,71077.0,114.08,30.0,0.0,0.0,71077.0,123.76,39.0,0.0,0.0,71077.0,131.67,38.0,0.0,0.0,71077.0,115.02,32.0,0.0,0.0,71077.0,113.71,30.0,0.0,0.0,70995.0,118.79,38.0,0.0,0.0,949.87
2026-04-20 13:59:40.863,86.593,0.0,0.0,70995.0,116.21,38.0,0.0,0.0,71077.0,116.64,31.0,0.0,0.0,71077.0,114.19,30.0,0.0,0.0,71077.0,123.74,39.0,0.0,0.0,71077.0,131.66,38.0,0.0,0.0,71077.0,114.97,32.0,0.0,0.0,71077.0,113.74,30.0,0.0,0.0,70995.0,118.75,38.0,0.0,0.0,949.9
2026-04-20 13:59:42.105,87.834,0.0,0.0,70995.0,116.14,38.0,0.0,0.0,71077.0,116.7,31.0,0.0,0.0,71077.0,114.03,30.0,0.0,0.0,71077.0,123.72,39.0,0.0,0.0,71077.0,131.64,38.0,0.0,0.0,71077.0,114.96,32.0,0.0,0.0,71077.0,113.73,30.0,0.0,0.0,70995.0,118.74,38.0,0.0,0.0,949.66
2026-04-20 13:59:43.405,89.134,0.0,0.0,70995.0,116.15,38.0,0.0,0.0,71077.0,116.59,31.0,0.0,0.0,71077.0,114.05,30.0,0.0,0.0,71077.0,123.7,39.0,0.0,0.0,71077.0,131.64,38.0,0.0,0.0,71077.0,114.95,32.0,0.0,0.0,71077.0,113.75,30.0,0.0,0.0,70995.0,118.68,38.0,0.0,0.0,949.51
2026-04-20 13:59:44.679,90.408,0.0,0.0,70995.0,116.1,38.0,0.0,0.0,71077.0,116.57,31.0,0.0,0.0,71077.0,114.15,30.0,0.0,0.0,71077.0,123.69,39.0,0.0,0.0,71077.0,131.61,38.0,0.0,0.0,71077.0,114.97,32.0,0.0,0.0,71077.0,113.67,30.0,0.0,0.0,70995.0,118.7,38.0,0.0,0.0,949.46
2026-04-20 13:59:45.888,91.617,0.0,0.0,70995.0,116.09,38.0,0.0,0.0,71077.0,116.59,31.0,0.0,0.0,71077.0,114.0,30.0,0.0,0.0,71077.0,123.67,39.0,0.0,0.0,71077.0,131.59,38.0,0.0,0.0,71077.0,114.93,32.0,0.0,0.0,71077.0,113.69,30.0,0.0,0.0,70995.0,118.68,38.0,0.0,0.0,949.24
2026-04-20 13:59:47.096,92.826,0.0,0.0,70995.0,116.12,38.0,0.0,0.0,71077.0,116.57,31.0,0.0,0.0,71077.0,114.09,30.0,0.0,0.0,71077.0,123.68,39.0,0.0,0.0,71077.0,131.58,38.0,0.0,0.0,71077.0,114.9,32.0,0.0,0.0,71077.0,113.69,30.0,0.0,0.0,70995.0,118.69,38.0,0.0,0.0,949.32
2026-04-20 13:59:48.321,94.05,0.0,0.0,70995.0,116.06,38.0,0.0,0.0,71077.0,116.57,31.0,0.0,0.0,71077.0,114.07,30.0,0.0,0.0,71077.0,123.64,39.0,0.0,0.0,71077.0,131.54,38.0,0.0,0.0,71077.0,114.89,31.0,0.0,0.0,71077.0,113.69,30.0,0.0,0.0,70995.0,118.69,38.0,0.0,0.0,949.15
2026-04-20 13:59:49.530,95.259,0.0,0.0,70995.0,116.11,38.0,0.0,0.0,71077.0,116.53,31.0,0.0,0.0,71077.0,113.94,30.0,0.0,0.0,71077.0,123.67,39.0,0.0,0.0,71077.0,131.55,38.0,0.0,0.0,71077.0,114.88,31.0,0.0,0.0,71077.0,113.67,30.0,0.0,0.0,70995.0,118.65,38.0,0.0,0.0,949.0
2026-04-20 13:59:50.736,96.466,0.0,0.0,70995.0,116.13,38.0,0.0,0.0,71077.0,116.56,31.0,0.0,0.0,71077.0,114.11,30.0,0.0,0.0,71077.0,123.63,39.0,0.0,0.0,71077.0,131.53,38.0,0.0,0.0,71077.0,114.9,31.0,0.0,0.0,71077.0,113.67,30.0,0.0,0.0,70995.0,118.64,38.0,0.0,0.0,949.17
2026-04-20 13:59:51.945,97.674,0.0,0.0,70995.0,116.06,38.0,0.0,0.0,71077.0,116.49,31.0,0.0,0.0,71077.0,113.98,30.0,0.0,0.0,71077.0,123.63,39.0,0.0,0.0,71077.0,131.48,38.0,0.0,0.0,71077.0,114.9,31.0,0.0,0.0,71077.0,113.71,30.0,0.0,0.0,70995.0,118.63,38.0,0.0,0.0,948.88
2026-04-20 13:59:53.155,98.884,0.0,0.0,70995.0,116.1,38.0,0.0,0.0,71077.0,116.51,31.0,0.0,0.0,71077.0,113.91,30.0,0.0,0.0,71077.0,123.62,39.0,0.0,0.0,71077.0,131.47,38.0,0.0,0.0,71077.0,114.88,31.0,0.0,0.0,71077.0,113.65,30.0,0.0,0.0,70995.0,118.63,38.0,0.0,0.0,948.77
2026-04-20 13:59:54.362,100.091,0.0,0.0,70995.0,116.02,37.0,0.0,0.0,71077.0,116.47,31.0,0.0,0.0,71077.0,114.04,30.0,0.0,0.0,71077.0,123.6,39.0,0.0,0.0,71077.0,131.47,38.0,0.0,0.0,71077.0,114.85,31.0,0.0,0.0,71077.0,113.6,30.0,0.0,0.0,70995.0,118.61,38.0,0.0,0.0,948.66
2026-04-20 13:59:55.557,101.286,0.0,0.0,70995.0,116.05,37.0,0.0,0.0,71077.0,116.49,31.0,0.0,0.0,71077.0,113.97,30.0,0.0,0.0,71077.0,123.59,39.0,0.0,0.0,71077.0,131.43,38.0,0.0,0.0,71077.0,114.85,31.0,0.0,0.0,71077.0,113.62,30.0,0.0,0.0,70995.0,118.63,38.0,0.0,0.0,948.63
2026-04-20 13:59:56.765,102.495,0.0,0.0,70995.0,116.02,37.0,0.0,0.0,71077.0,116.45,31.0,0.0,0.0,71077.0,113.91,30.0,0.0,0.0,71077.0,123.6,39.0,0.0,0.0,71077.0,131.42,38.0,0.0,0.0,71077.0,114.84,31.0,0.0,0.0,71077.0,113.68,30.0,0.0,0.0,70995.0,118.61,38.0,0.0,0.0,948.53
2026-04-20 13:59:57.977,103.706,0.0,0.0,70995.0,116.05,37.0,0.0,0.0,71077.0,116.47,31.0,0.0,0.0,71077.0,114.02,30.0,0.0,0.0,71077.0,123.58,39.0,0.0,0.0,71077.0,131.44,38.0,0.0,0.0,71077.0,114.79,31.0,0.0,0.0,71077.0,113.67,30.0,0.0,0.0,70995.0,118.6,38.0,0.0,0.0,948.62
2026-04-20 13:59:59.200,104.929,0.0,0.0,70995.0,116.02,37.0,0.0,0.0,71077.0,116.45,31.0,0.0,0.0,71077.0,113.88,30.0,0.0,0.0,71077.0,123.54,39.0,0.0,0.0,71077.0,131.38,38.0,0.0,0.0,71077.0,114.84,31.0,0.0,0.0,71077.0,113.62,30.0,0.0,0.0,70995.0,118.56,38.0,0.0,0.0,948.29
2026-04-20 14:00:00.426,106.156,0.0,0.0,70995.0,116.09,37.0,0.0,0.0,71077.0,116.42,31.0,0.0,0.0,71077.0,113.91,30.0,0.0,0.0,71077.0,123.58,39.0,0.0,0.0,71077.0,131.34,38.0,0.0,0.0,71077.0,114.82,31.0,0.0,0.0,71077.0,113.62,30.0,0.0,0.0,70995.0,118.57,38.0,0.0,0.0,948.35
2026-04-20 14:00:01.634,107.363,0.0,0.0,70995.0,116.03,37.0,0.0,0.0,71077.0,116.43,31.0,0.0,0.0,71077.0,114.02,30.0,0.0,0.0,71077.0,123.53,39.0,0.0,0.0,71077.0,131.37,38.0,0.0,0.0,71077.0,114.81,31.0,0.0,0.0,71077.0,113.62,30.0,0.0,0.0,70995.0,118.57,38.0,0.0,0.0,948.38
2026-04-20 14:00:02.832,108.562,0.0,0.0,70995.0,116.01,37.0,0.0,0.0,71077.0,116.41,31.0,0.0,0.0,71077.0,113.85,30.0,0.0,0.0,71077.0,123.54,39.0,0.0,0.0,71077.0,131.37,38.0,0.0,0.0,71077.0,114.78,31.0,0.0,0.0,71077.0,113.6,30.0,0.0,0.0,70995.0,118.6,38.0,0.0,0.0,948.16
2026-04-20 14:00:04.040,109.769,0.0,0.0,70995.0,115.98,37.0,0.0,0.0,71077.0,116.42,31.0,0.0,0.0,71077.0,113.9,30.0,0.0,0.0,71077.0,123.51,39.0,0.0,0.0,71077.0,131.32,38.0,0.0,0.0,71077.0,114.78,31.0,0.0,0.0,71077.0,113.62,30.0,0.0,0.0,70995.0,118.54,38.0,0.0,0.0,948.07
2026-04-20 14:00:05.247,110.976,0.0,0.0,70995.0,116.0,37.0,0.0,0.0,71077.0,116.43,31.0,0.0,0.0,71077.0,113.97,30.0,0.0,0.0,71077.0,123.51,39.0,0.0,0.0,71077.0,131.35,38.0,0.0,0.0,71077.0,114.78,31.0,0.0,0.0,71077.0,113.54,30.0,0.0,0.0,70995.0,118.51,38.0,0.0,0.0,948.09
2026-04-20 14:00:06.471,112.2,0.0,0.0,70995.0,115.96,37.0,0.0,0.0,71077.0,116.41,31.0,0.0,0.0,71077.0,113.86,30.0,0.0,0.0,71077.0,123.51,39.0,0.0,0.0,71077.0,131.3,38.0,0.0,0.0,71077.0,114.79,31.0,0.0,0.0,71077.0,113.57,30.0,0.0,0.0,70995.0,118.5,38.0,0.0,0.0,947.9
2026-04-20 14:00:07.684,113.413,0.0,0.0,70995.0,115.97,37.0,0.0,0.0,71077.0,116.4,31.0,0.0,0.0,71077.0,113.93,30.0,0.0,0.0,71077.0,123.49,39.0,0.0,0.0,71077.0,131.26,38.0,0.0,0.0,71077.0,114.79,31.0,0.0,0.0,71077.0,113.56,30.0,0.0,0.0,70995.0,118.51,38.0,0.0,0.0,947.91
2026-04-20 14:00:08.888,114.618,0.0,0.0,70995.0,115.96,37.0,0.0,0.0,71077.0,116.39,31.0,0.0,0.0,71077.0,113.91,30.0,0.0,0.0,71077.0,123.48,39.0,0.0,0.0,71077.0,131.29,38.0,0.0,0.0,71077.0,114.78,31.0,0.0,0.0,71077.0,113.57,30.0,0.0,0.0,70995.0,118.49,38.0,0.0,0.0,947.87
2026-04-20 14:00:10.099,115.829,0.0,0.0,70995.0,115.99,37.0,0.0,0.0,71077.0,116.39,31.0,0.0,0.0,71077.0,113.82,30.0,0.0,0.0,71077.0,123.48,39.0,0.0,0.0,71077.0,131.28,38.0,0.0,0.0,71077.0,114.76,31.0,0.0,0.0,71077.0,113.54,30.0,0.0,0.0,70995.0,118.53,38.0,0.0,0.0,947.79
2026-04-20 14:00:11.306,117.036,0.0,0.0,70995.0,115.94,37.0,0.0,0.0,71077.0,116.35,31.0,0.0,0.0,71077.0,113.93,30.0,0.0,0.0,71077.0,123.47,39.0,0.0,0.0,71077.0,131.26,38.0,0.0,0.0,71077.0,114.76,31.0,0.0,0.0,71077.0,113.55,30.0,0.0,0.0,70995.0,118.53,38.0,0.0,0.0,947.79
2026-04-20 14:00:12.514,118.244,0.0,0.0,70995.0,115.97,37.0,0.0,0.0,71077.0,116.4,31.0,0.0,0.0,71077.0,113.87,30.0,0.0,0.0,71077.0,123.45,39.0,0.0,0.0,71077.0,131.23,38.0,0.0,0.0,71077.0,114.77,31.0,0.0,0.0,71077.0,113.52,30.0,0.0,0.0,70995.0,118.48,38.0,0.0,0.0,947.69
2026-04-20 14:00:13.706,119.435,0.0,0.0,70995.0,115.96,37.0,0.0,0.0,71077.0,116.32,31.0,0.0,0.0,71077.0,113.82,30.0,0.0,0.0,71077.0,123.4,39.0,0.0,0.0,71077.0,131.22,38.0,0.0,0.0,71077.0,114.75,31.0,0.0,0.0,71077.0,113.5,30.0,0.0,0.0,70995.0,118.53,38.0,0.0,0.0,947.5
2026-04-20 14:00:14.914,120.643,0.0,0.0,70995.0,115.97,37.0,0.0,0.0,71077.0,116.37,31.0,0.0,0.0,71077.0,113.94,30.0,0.0,0.0,71077.0,123.42,39.0,0.0,0.0,71077.0,131.19,38.0,0.0,0.0,71077.0,114.7,31.0,0.0,0.0,71077.0,113.51,30.0,0.0,0.0,70995.0,118.53,38.0,0.0,0.0,947.63
2026-04-20 14:00:16.112,121.841,0.0,0.0,70995.0,115.9,37.0,0.0,0.0,71077.0,116.36,31.0,0.0,0.0,71077.0,113.83,30.0,0.0,0.0,71077.0,123.38,39.0,0.0,0.0,71077.0,131.22,38.0,0.0,0.0,71077.0,114.72,31.0,0.0,0.0,71077.0,113.56,30.0,0.0,0.0,70995.0,118.46,38.0,0.0,0.0,947.43
2026-04-20 14:00:17.322,123.051,0.0,0.0,70995.0,115.94,37.0,0.0,0.0,71077.0,116.35,31.0,0.0,0.0,71077.0,113.8,30.0,0.0,0.0,71077.0,123.39,39.0,0.0,0.0,71077.0,131.18,38.0,0.0,0.0,71077.0,114.68,31.0,0.0,0.0,71077.0,113.51,30.0,0.0,0.0,70995.0,118.49,38.0,0.0,0.0,947.34
2026-04-20 14:00:18.544,124.273,0.0,0.0,70995.0,115.93,37.0,0.0,0.0,71077.0,116.31,31.0,0.0,0.0,71077.0,113.94,30.0,0.0,0.0,71077.0,123.42,39.0,0.0,0.0,71077.0,131.21,38.0,0.0,0.0,71077.0,114.73,31.0,0.0,0.0,71077.0,113.51,30.0,0.0,0.0,70995.0,118.51,38.0,0.0,0.0,947.56
2026-04-20 14:00:19.754,125.483,0.0,0.0,70995.0,115.91,37.0,0.0,0.0,71077.0,116.29,31.0,0.0,0.0,71077.0,113.8,30.0,0.0,0.0,71077.0,123.42,39.0,0.0,0.0,71077.0,131.18,38.0,0.0,0.0,71077.0,114.73,31.0,0.0,0.0,71077.0,113.5,30.0,0.0,0.0,70995.0,118.48,38.0,0.0,0.0,947.31
2026-04-20 14:00:20.962,126.692,0.0,0.0,70995.0,115.89,37.0,0.0,0.0,71077.0,116.37,30.0,0.0,0.0,71077.0,113.78,30.0,0.0,0.0,71077.0,123.39,39.0,0.0,0.0,71077.0,131.15,38.0,0.0,0.0,71077.0,114.68,31.0,0.0,0.0,71077.0,113.46,30.0,0.0,0.0,70995.0,118.44,38.0,0.0,0.0,947.16
2026-04-20 14:00:22.171,127.9,0.0,0.0,70995.0,115.89,37.0,0.0,0.0,71077.0,116.25,30.0,0.0,0.0,71077.0,113.9,30.0,0.0,0.0,71077.0,123.38,39.0,0.0,0.0,71077.0,131.14,38.0,0.0,0.0,71077.0,114.71,31.0,0.0,0.0,71077.0,113.5,30.0,0.0,0.0,70995.0,118.42,38.0,0.0,0.0,947.19
2026-04-20 14:00:23.379,129.108,0.0,0.0,70995.0,115.91,37.0,0.0,0.0,71077.0,116.32,30.0,0.0,0.0,71077.0,113.8,30.0,0.0,0.0,71077.0,123.39,39.0,0.0,0.0,71077.0,131.15,38.0,0.0,0.0,71077.0,114.7,31.0,0.0,0.0,71077.0,113.46,30.0,0.0,0.0,70995.0,118.47,38.0,0.0,0.0,947.2
2026-04-20 14:00:24.587,130.317,0.0,0.0,70995.0,115.93,37.0,0.0,0.0,71077.0,116.31,30.0,0.0,0.0,71077.0,113.8,30.0,0.0,0.0,71077.0,123.36,39.0,0.0,0.0,71077.0,131.13,38.0,0.0,0.0,71077.0,114.72,31.0,0.0,0.0,71077.0,113.5,30.0,0.0,0.0,70995.0,118.46,38.0,0.0,0.0,947.21
2026-04-20 14:00:25.811,131.54,0.0,0.0,70995.0,115.88,37.0,0.0,0.0,71077.0,116.32,30.0,0.0,0.0,71077.0,113.84,30.0,0.0,0.0,71077.0,123.38,39.0,0.0,0.0,71077.0,131.12,38.0,0.0,0.0,71077.0,114.71,31.0,0.0,0.0,71077.0,113.5,30.0,0.0,0.0,70995.0,118.42,38.0,0.0,0.0,947.17
2026-04-20 14:00:27.008,132.737,0.0,0.0,70995.0,115.83,37.0,0.0,0.0,71077.0,116.28,30.0,0.0,0.0,71077.0,113.75,30.0,0.0,0.0,71077.0,123.33,39.0,0.0,0.0,71077.0,131.07,38.0,0.0,0.0,71077.0,114.73,31.0,0.0,0.0,71077.0,113.51,30.0,0.0,0.0,70995.0,118.41,38.0,0.0,0.0,946.91
2026-04-20 14:00:28.207,133.936,0.0,0.0,70995.0,115.84,37.0,0.0,0.0,71077.0,116.28,30.0,0.0,0.0,71077.0,113.81,30.0,0.0,0.0,71077.0,123.36,39.0,0.0,0.0,71077.0,131.08,38.0,0.0,0.0,71077.0,114.7,31.0,0.0,0.0,71077.0,113.44,30.0,0.0,0.0,70995.0,118.4,38.0,0.0,0.0,946.91
2026-04-20 14:00:29.429,135.159,0.0,0.0,70995.0,115.86,37.0,0.0,0.0,71077.0,116.27,30.0,0.0,0.0,71077.0,113.83,30.0,0.0,0.0,71077.0,123.33,39.0,0.0,0.0,71077.0,131.08,38.0,0.0,0.0,71077.0,114.69,31.0,0.0,0.0,71077.0,113.49,30.0,0.0,0.0,70995.0,118.36,37.0,0.0,0.0,946.91
2026-04-20 14:00:30.629,136.358,0.0,0.0,70995.0,115.82,37.0,0.0,0.0,71077.0,116.29,30.0,0.0,0.0,71077.0,113.71,30.0,0.0,0.0,71077.0,123.31,39.0,0.0,0.0,71077.0,131.08,38.0,0.0,0.0,71077.0,114.68,31.0,0.0,0.0,71077.0,113.5,30.0,0.0,0.0,70995.0,118.4,37.0,0.0,0.0,946.79
2026-04-20 14:00:31.838,137.567,0.0,0.0,70995.0,115.87,37.0,0.0,0.0,71077.0,116.27,30.0,0.0,0.0,71077.0,113.81,30.0,0.0,0.0,71077.0,123.36,39.0,0.0,0.0,71077.0,131.04,38.0,0.0,0.0,71077.0,114.69,31.0,0.0,0.0,71077.0,113.45,30.0,0.0,0.0,70995.0,118.39,37.0,0.0,0.0,946.88
2026-04-20 14:00:33.048,138.777,0.0,0.0,70995.0,115.86,37.0,0.0,0.0,71077.0,116.28,30.0,0.0,0.0,71077.0,113.83,30.0,0.0,0.0,71077.0,123.3,39.0,0.0,0.0,71077.0,131.03,38.0,0.0,0.0,71077.0,114.64,31.0,0.0,0.0,71077.0,113.48,30.0,0.0,0.0,70995.0,118.44,37.0,0.0,0.0,946.86
2026-04-20 14:00:34.277,140.006,0.0,0.0,70995.0,115.86,37.0,0.0,0.0,71077.0,116.28,30.0,0.0,0.0,71077.0,113.75,30.0,0.0,0.0,71077.0,123.29,39.0,0.0,0.0,71077.0,131.03,38.0,0.0,0.0,71077.0,114.68,31.0,0.0,0.0,71077.0,113.51,30.0,0.0,0.0,70995.0,118.36,37.0,0.0,0.0,946.76
2026-04-20 14:00:35.475,141.205,0.0,0.0,70995.0,115.84,37.0,0.0,0.0,71077.0,116.29,30.0,0.0,0.0,71077.0,113.87,30.0,0.0,0.0,71077.0,123.33,39.0,0.0,0.0,71077.0,131.0,38.0,0.0,0.0,71077.0,114.66,31.0,0.0,0.0,71077.0,113.5,30.0,0.0,0.0,70995.0,118.39,37.0,0.0,0.0,946.88
2026-04-20 14:00:36.681,142.41,0.0,0.0,70995.0,115.87,37.0,0.0,0.0,71077.0,116.22,30.0,0.0,0.0,71077.0,113.82,30.0,0.0,0.0,71077.0,123.3,39.0,0.0,0.0,71077.0,130.99,38.0,0.0,0.0,71077.0,114.64,31.0,0.0,0.0,71077.0,113.44,30.0,0.0,0.0,70995.0,118.35,37.0,0.0,0.0,946.63
2026-04-20 14:00:37.890,143.619,0.0,0.0,70995.0,115.81,37.0,0.0,0.0,71077.0,116.25,30.0,0.0,0.0,71077.0,113.74,30.0,0.0,0.0,71077.0,123.29,39.0,0.0,0.0,71077.0,130.99,38.0,0.0,0.0,71077.0,114.69,31.0,0.0,0.0,71077.0,113.44,30.0,0.0,0.0,70995.0,118.32,37.0,0.0,0.0,946.53
2026-04-20 14:00:39.061,144.791,0.0,0.0,70995.0,115.79,37.0,0.0,0.0,71077.0,116.23,30.0,0.0,0.0,71077.0,113.85,30.0,0.0,0.0,71077.0,123.26,39.0,0.0,0.0,71077.0,130.99,38.0,0.0,0.0,71077.0,114.69,31.0,0.0,0.0,71077.0,113.46,30.0,0.0,0.0,70995.0,118.36,37.0,0.0,0.0,946.63
2026-04-20 14:00:40.243,145.972,0.0,0.0,70995.0,115.81,37.0,0.0,0.0,71077.0,116.26,30.0,0.0,0.0,71077.0,113.78,30.0,0.0,0.0,71077.0,123.26,39.0,0.0,0.0,71077.0,130.98,38.0,0.0,0.0,71077.0,114.68,31.0,0.0,0.0,71077.0,113.44,30.0,0.0,0.0,70995.0,118.31,37.0,0.0,0.0,946.52
2026-04-20 14:00:41.407,147.137,0.0,0.0,70995.0,115.85,37.0,0.0,0.0,71077.0,116.22,30.0,0.0,0.0,71077.0,113.64,30.0,0.0,0.0,71077.0,123.26,39.0,0.0,0.0,71077.0,131.01,38.0,0.0,0.0,71077.0,114.7,31.0,0.0,0.0,71077.0,113.42,30.0,0.0,0.0,70995.0,118.41,37.0,0.0,0.0,946.51
