dir,file,cell,kv,graph_max,buckets,chunk,mixed,cpuinfer,maxtot,inlen,outlen,C,rate,np,seed,ok,tok_s,tot_tok_s,req_s,dur,tpot,tpot_p99,ttft_p50,ttft_p99
20260909_170510_final_sweep,finA_c128.log,finA_c128,,,,,,,,512,128,128,inf,384,42,384,961.91,,7.51,51.10,95.95,,5318.58,
20260909_170510_final_sweep,finA_c160.log,finA_c160,,,,,,,,512,128,160,inf,480,42,480,1012.22,,7.91,60.70,114.01,,5650.23,
20260909_170510_final_sweep,finA_c192.log,finA_c192,,,,,,,,512,128,192,inf,576,42,576,1048.66,,8.19,70.31,131.06,,6735.24,
20260909_170510_final_sweep,finA_c32.log,finA_c32,,,,,,,,512,128,32,inf,96,42,96,781.73,,6.11,15.72,36.63,,564.79,
20260909_170510_final_sweep,finA_c64.log,finA_c64,,,,,,,,512,128,64,inf,192,42,192,796.56,,6.22,30.85,57.55,,3162.65,
20260909_170510_final_sweep,finB_c192.log,finB_c192,,,,,,,,512,128,192,inf,576,42,576,1037.20,,8.10,71.08,137.00,,6367.62,
20260909_170510_final_sweep,finB_c224.log,finB_c224,,,,,,,,512,128,224,inf,672,42,672,1066.51,,8.33,80.65,153.99,,7317.66,
20260909_170510_final_sweep,finB_fuse_c192.log,finB_fuse_c192,,,,,,,,512,128,192,inf,576,42,576,1071.50,,8.37,68.81,133.05,,6018.43,
20260909_170510_final_sweep,finB_fuse_c224.log,finB_fuse_c224,,,,,,,,512,128,224,inf,672,42,672,1098.24,,8.58,78.32,149.64,,7163.39,
20260909_170510_final_sweep,lpA_c32.log,lpA_c32,,,,,,,,512,128,32,inf,96,42,96,578.01,,4.52,21.26,37.19,,2203.99,
20260909_174350_ide051_fuse_qin,off_c160.log,off_c160,,,,,,,,512,128,160,inf,480,42,480,1005.85,,7.86,61.08,114.87,,5602.21,
20260909_174350_ide051_fuse_qin,off_c192.log,off_c192,,,,,,,,512,128,192,inf,576,42,576,1034.79,,8.09,71.23,132.58,,6809.96,
20260909_174350_ide051_fuse_qin,on_c160.log,on_c160,,,,,,,,512,128,160,inf,480,42,480,1038.68,,8.11,59.15,111.82,,5223.89,
20260909_174350_ide051_fuse_qin,on_c192.log,on_c192,,,,,,,,512,128,192,inf,576,42,576,1052.20,,8.23,69.96,132.49,,6463.55,
20260909_182418_final_arrival,delay128_burst.log,delay128_burst,,,,,,,,512,128,224,inf,672,42,672,1095.48,,8.56,78.47,150.98,197.78,7109.04,12515.26
20260909_182418_final_arrival,delay128_rate5.log,delay128_rate5,,,,,,,,512,128,224,5.0,480,42,480,536.14,,4.19,114.60,199.80,283.05,668.73,1365.51
20260909_182418_final_arrival,delay128_rate7.log,delay128_rate7,,,,,,,,512,128,224,7.0,480,42,480,715.26,,5.59,85.88,231.29,270.74,812.53,2101.49
20260909_182418_final_arrival,delay128_rate9.log,delay128_rate9,,,,,,,,512,128,224,9.0,480,42,480,845.99,,6.61,72.62,196.67,244.39,904.64,4101.69
20260909_182418_final_arrival,delay224_burst.log,delay224_burst,,,,,,,,512,128,224,inf,672,42,672,1094.45,,8.55,78.59,151.90,199.07,6879.38,12456.34
20260909_182418_final_arrival,delay224_p16_burst.log,delay224_p16_burst,,,,,,,,512,128,224,inf,672,42,672,1031.61,,8.06,83.38,158.35,206.89,6642.39,12612.25
20260909_182418_final_arrival,delay224_p16_rate5.log,delay224_p16_rate5,,,,,,,,512,128,224,5.0,480,42,480,542.19,,4.24,113.32,155.94,179.55,845.23,1880.37
20260909_182418_final_arrival,delay224_p16_rate7.log,delay224_p16_rate7,,,,,,,,512,128,224,7.0,480,42,480,679.21,,5.31,90.46,228.02,266.49,1135.21,2544.18
20260909_182418_final_arrival,delay224_p16_rate9.log,delay224_p16_rate9,,,,,,,,512,128,224,9.0,480,42,480,773.39,,6.04,79.44,209.94,239.33,1328.24,3128.68
20260909_182418_final_arrival,delay224_rate5.log,delay224_rate5,,,,,,,,512,128,224,5.0,480,42,480,541.49,,4.23,113.44,171.03,194.81,734.08,1424.63
20260909_182418_final_arrival,delay224_rate7.log,delay224_rate7,,,,,,,,512,128,224,7.0,480,42,480,694.63,,5.43,88.45,225.02,262.69,965.64,1965.15
20260909_182418_final_arrival,delay224_rate9.log,delay224_rate9,,,,,,,,512,128,224,9.0,480,42,480,781.09,,6.10,78.66,210.55,238.49,1285.73,2091.57
20260909_182418_final_arrival,nodelay_burst.log,nodelay_burst,,,,,,,,512,128,224,inf,672,42,672,1110.32,,8.67,77.47,148.96,195.83,6760.36,12734.53
20260909_182418_final_arrival,nodelay_rate5.log,nodelay_rate5,,,,,,,,512,128,224,5.0,480,42,480,532.57,,4.16,115.37,299.01,360.61,615.45,1436.69
20260909_182418_final_arrival,nodelay_rate7.log,nodelay_rate7,,,,,,,,512,128,224,7.0,480,42,480,715.97,,5.60,85.70,227.19,307.88,759.88,3176.40
20260909_182418_final_arrival,nodelay_rate9.log,nodelay_rate9,,,,,,,,512,128,224,9.0,480,42,480,871.66,,6.81,70.49,179.67,278.81,1166.41,7222.30
20260909_190222_ide052_mixed_chunk,mixed_burst.log,mixed_burst,,,,,,,,512,128,224,inf,672,42,672,1096.24,,8.56,78.46,173.40,190.82,1751.83,13071.14
20260909_190222_ide052_mixed_chunk,mixed_delay225_burst.log,mixed_delay225_burst,,,,,,,,512,128,224,inf,672,42,672,1036.56,,8.10,82.98,176.50,196.83,2807.91,13612.24
20260909_190222_ide052_mixed_chunk,mixed_delay225_rate5.log,mixed_delay225_rate5,,,,,,,,512,128,224,5.0,480,42,480,545.83,,4.26,112.56,141.72,174.18,904.64,1545.56
20260909_190222_ide052_mixed_chunk,mixed_delay225_rate7.log,mixed_delay225_rate7,,,,,,,,512,128,224,7.0,480,42,480,702.56,,5.49,87.45,190.49,218.04,1183.52,2294.49
20260909_190222_ide052_mixed_chunk,mixed_delay225_rate9.log,mixed_delay225_rate9,,,,,,,,512,128,224,9.0,480,42,480,790.67,,6.18,77.71,202.52,229.26,1528.14,2644.76
20260909_190222_ide052_mixed_chunk,mixed_rate5.log,mixed_rate5,,,,,,,,512,128,224,5.0,480,42,480,543.27,,4.24,113.09,184.11,208.54,652.06,920.66
20260909_190222_ide052_mixed_chunk,mixed_rate7.log,mixed_rate7,,,,,,,,512,128,224,7.0,480,42,480,706.67,,5.52,86.94,225.10,255.26,798.79,1005.46
20260909_190222_ide052_mixed_chunk,mixed_rate9.log,mixed_rate9,,,,,,,,512,128,224,9.0,480,42,480,814.35,,6.36,75.45,203.18,228.36,889.90,1269.85
20260909_194156_probe_longctx,lc_c16.log,lc_c16,,,,,,,,2048,128,16,inf,48,42,48,111.88,,0.87,54.92,120.95,,2944.04,
20260909_194156_probe_longctx,lc_c32.log,lc_c32,,,,,,,,2048,128,32,inf,96,42,96,301.92,,2.36,40.70,66.25,,5265.67,
20260909_194156_probe_longctx,lc_c48.log,lc_c48,,,,,,,,2048,128,48,inf,144,42,144,290.26,,2.27,63.50,108.49,,7244.08,
20260910_002116_expE00_E01_E02,A00_C32.log,A00,bf16,64,auto,4096,0,96,,512,128,32,inf,96,42,96,608.93,,4.76,20.18,39.04,45.84,1822.11,2444.38
20260910_002116_expE00_E01_E02,A00_C64.log,A00,bf16,64,auto,4096,0,96,,512,128,64,inf,192,42,192,971.75,,7.59,25.29,54.42,70.98,1182.01,3785.98
20260910_002544_expE00_E01_E02,A00_C32.log,A00,bf16,64,auto,4096,0,96,,512,128,32,inf,96,42,96,605.73,,4.73,20.29,39.17,46.86,1721.81,2450.19
20260910_002544_expE00_E01_E02,A00_C64.log,A00,bf16,64,auto,4096,0,96,,512,128,64,inf,192,42,192,807.15,,6.31,30.45,59.81,74.15,2794.50,3928.31
20260910_002544_expE00_E01_E02,A01_C32.log,A01,bf16,64,"32,64",4096,0,96,,512,128,32,inf,96,42,96,599.83,,4.69,20.49,39.71,47.27,1852.96,2463.49
20260910_002544_expE00_E01_E02,A01_C64.log,A01,bf16,64,"32,64",4096,0,96,,512,128,64,inf,192,42,192,799.78,,6.25,30.73,59.84,74.82,2765.51,3962.22
20260910_002544_expE00_E01_E02,A10_C32.log,A10,fp8,64,auto,4096,0,96,,512,128,32,inf,96,42,96,589.86,,4.61,20.83,40.41,48.12,1746.19,2486.22
20260910_002544_expE00_E01_E02,A10_C64.log,A10,fp8,64,auto,4096,0,96,,512,128,64,inf,192,42,192,787.88,,6.16,31.19,61.24,77.03,2839.38,3982.84
20260910_002544_expE00_E01_E02,A11m64_C32.log,A11m64,fp8,64,"32,64",4096,0,96,,512,128,32,inf,96,42,96,588.13,,4.59,20.89,40.38,48.81,1733.94,2495.87
20260910_002544_expE00_E01_E02,A11m64_C64.log,A11m64,fp8,64,"32,64",4096,0,96,,512,128,64,inf,192,42,192,787.04,,6.15,31.23,61.25,75.10,2661.20,4099.02
20260910_002544_expE00_E01_E02,BREPRO_C224.log,BREPRO,fp8,224,32..224/32,4096,0,96,143360,512,128,224,inf,672,42,672,1112.39,,8.69,77.33,147.61,193.33,7141.85,12779.86
20260910_002544_expE00_E01_E02,BREPRO_C64.log,BREPRO,fp8,224,32..224/32,4096,0,96,143360,512,128,64,inf,192,42,192,779.29,,6.09,31.54,61.39,74.98,2769.77,4252.34
20260910_002544_expE00_E01_E02,C1_C224.log,C1,fp8,224,32..224/32,4096,0,96,143360,512,128,224,inf,672,42,672,658.81,,5.15,130.56,72.63,143.63,25713.48,36106.44
20260910_002544_expE00_E01_E02,C2_C224.log,C2,fp8,224,32..224/32,4096,0,96,63654,512,128,224,inf,672,42,672,630.12,,4.92,136.51,151.33,188.29,25375.68,30562.33
20260910_002544_expE00_E01_E02,C2_C64.log,C2,fp8,224,32..224/32,4096,0,96,63654,512,128,64,inf,192,42,192,788.31,,6.16,31.18,61.16,73.79,2782.34,4051.03
20260910_002544_expE00_E01_E02,F96_C96.log,F96,,,,,,,,512,128,96,inf,288,42,288,876.16,,6.84,42.07,81.66,102.11,3656.55,6058.23
20260910_002544_expE00_E01_E02,TUNED96_C64.log,TUNED96,,,,,,,,512,128,64,inf,192,42,192,812.82,,6.35,30.24,58.85,73.47,2767.93,3904.38
20260910_002544_expE00_E01_E02,TUNED96_C96.log,TUNED96,,,,,,,,512,128,96,inf,288,42,288,889.19,,6.95,41.46,80.13,100.91,3588.22,6002.24
20260910_055709_expE06_E07,e06_EPOCHB_C128.log,EPOCHB,fp8,224,32..224/32,4096,0,96,143360,512,128,128,inf,512,42,512,960.72,,7.51,68.22,99.56,127.72,4489.79,7639.77
20260910_055709_expE06_E07,e06_EPOCHB_C160.log,EPOCHB,fp8,224,32..224/32,4096,0,96,143360,512,128,160,inf,512,42,512,976.73,,7.63,67.10,112.35,150.43,4955.38,9087.92
20260910_055709_expE06_E07,e06_EPOCHB_C192.log,EPOCHB,fp8,224,32..224/32,4096,0,96,143360,512,128,192,inf,512,42,512,1041.04,,8.13,62.95,124.61,174.35,5703.36,10917.43
20260910_055709_expE06_E07,e06_EPOCHB_C224.log,EPOCHB,fp8,224,32..224/32,4096,0,96,143360,512,128,224,inf,512,42,512,1052.17,,8.22,62.29,137.83,194.09,6145.20,12707.80
20260910_055709_expE06_E07,e06_EPOCHB_C32.log,EPOCHB,fp8,224,32..224/32,4096,0,96,143360,512,128,32,inf,512,42,512,599.80,,4.69,109.26,40.06,48.69,1767.56,2455.09
20260910_055709_expE06_E07,e06_EPOCHB_C64.log,EPOCHB,fp8,224,32..224/32,4096,0,96,143360,512,128,64,inf,512,42,512,792.18,,6.19,82.73,61.26,75.80,2513.01,3970.08
20260910_055709_expE06_E07,e06_EPOCHB_C96.log,EPOCHB,fp8,224,32..224/32,4096,0,96,143360,512,128,96,inf,512,42,512,868.17,,6.78,75.49,78.61,101.12,3424.82,5736.44
20260910_055709_expE06_E07,e06_TUNED_C32.log,TUNED,bf16,96,"32,64,96",4096,0,96,,512,128,32,inf,512,42,512,614.42,,4.80,106.66,39.54,48.17,1742.25,2483.23
20260910_055709_expE06_E07,e06_TUNED_C64.log,TUNED,bf16,96,"32,64,96",4096,0,96,,512,128,64,inf,512,42,512,805.27,,6.29,81.38,60.22,75.29,2410.48,3916.23
20260910_055709_expE06_E07,e06_TUNED_C96.log,TUNED,bf16,96,"32,64,96",4096,0,96,,512,128,96,inf,512,42,512,883.52,,6.90,74.18,76.89,100.28,3340.47,5625.72
20260910_055709_expE06_E07,e07_EPOCHB_r11.log,EPOCHB,fp8,224,32..224/32,4096,0,96,143360,512,128,None,11.0,400,42,400,621.76,,4.86,82.35,283.88,432.20,822.36,32647.82
20260910_055709_expE06_E07,e07_EPOCHB_r3.log,EPOCHB,fp8,224,32..224/32,4096,0,96,143360,512,128,None,3.0,400,42,400,343.09,,2.68,149.23,244.39,290.45,569.85,818.27
20260910_055709_expE06_E07,e07_EPOCHB_r5.log,EPOCHB,fp8,224,32..224/32,4096,0,96,143360,512,128,None,5.0,400,42,400,503.03,,3.93,101.78,331.11,443.42,737.18,9358.70
20260910_055709_expE06_E07,e07_EPOCHB_r7.log,EPOCHB,fp8,224,32..224/32,4096,0,96,143360,512,128,None,7.0,400,42,400,563.72,,4.40,90.83,314.16,449.28,747.86,23508.60
20260910_055709_expE06_E07,e07_EPOCHB_r9.log,EPOCHB,fp8,224,32..224/32,4096,0,96,143360,512,128,None,9.0,400,42,400,588.66,,4.60,86.98,313.74,444.99,809.26,30298.51
20260910_055709_expE06_E07,e07_TUNED_r3.log,TUNED,bf16,96,"32,64,96",4096,0,96,,512,128,None,3.0,400,42,400,361.89,,2.83,141.48,133.50,171.34,497.72,760.07
20260910_055709_expE06_E07,e07_TUNED_r5.log,TUNED,bf16,96,"32,64,96",4096,0,96,,512,128,None,5.0,400,42,400,384.65,,3.01,133.11,277.55,324.34,17497.28,40318.74
20260910_055709_expE06_E07,e07_TUNED_r7.log,TUNED,bf16,96,"32,64,96",4096,0,96,,512,128,None,7.0,400,42,400,402.25,,3.14,127.28,262.20,317.05,23755.58,62443.87
20260910_055709_expE06_E07,e07_TUNED_r9.log,TUNED,bf16,96,"32,64,96",4096,0,96,,512,128,None,9.0,400,42,400,405.15,,3.17,126.37,265.42,636.05,28115.20,75702.65
20260910_070926_expE03_E07ops_E09,e03_EPBPROF_C224.log,EPBPROF,fp8,224,32..224/32,4096,0,96,143360,512,128,224,inf,672,42,672,1104.59,,8.63,77.87,149.38,195.83,7158.93,12964.88
20260910_070926_expE03_E07ops_E09,e03_EPBPROF_C64.log,EPBPROF,fp8,224,32..224/32,4096,0,96,143360,512,128,64,inf,192,42,192,774.72,,6.06,31.70,61.15,76.39,2820.10,4398.45
20260910_070926_expE03_E07ops_E09,e03_TUNPROF_C96.log,TUNPROF,bf16,96,"32,64,96",4096,0,96,,512,128,96,inf,288,42,288,884.96,,6.91,41.66,80.60,102.15,3640.27,6065.69
20260910_070926_expE03_E07ops_E09,e07ops_EPBOPS_r11.log,EPBOPS,fp8,224,32..224/32,4096,1,96,143360,512,128,None,11.0,400,42,400,733.97,,5.74,69.70,241.19,294.45,921.10,16749.72
20260910_070926_expE03_E07ops_E09,e07ops_EPBOPS_r3.log,EPBOPS,fp8,224,32..224/32,4096,1,96,143360,512,128,None,3.0,400,42,400,341.13,,2.67,150.09,132.89,156.77,550.57,875.83
20260910_070926_expE03_E07ops_E09,e07ops_EPBOPS_r5.log,EPBOPS,fp8,224,32..224/32,4096,1,96,143360,512,128,None,5.0,400,42,400,527.76,,4.13,96.79,184.07,211.62,644.50,981.82
20260910_070926_expE03_E07ops_E09,e07ops_EPBOPS_r7.log,EPBOPS,fp8,224,32..224/32,4096,1,96,143360,512,128,None,7.0,400,42,400,659.89,,5.16,77.59,237.84,282.86,757.22,2314.84
20260910_070926_expE03_E07ops_E09,e07ops_EPBOPS_r9.log,EPBOPS,fp8,224,32..224/32,4096,1,96,143360,512,128,None,9.0,400,42,400,705.89,,5.51,72.53,239.65,284.93,856.54,10542.03
20260910_070926_expE03_E07ops_E09,e07ops_TUNOPS_r3.log,TUNOPS,bf16,96,"32,64,96",4096,1,96,,512,128,None,3.0,400,42,400,365.54,,2.86,140.07,100.75,120.97,534.34,805.27
20260910_070926_expE03_E07ops_E09,e07ops_TUNOPS_r5.log,TUNOPS,bf16,96,"32,64,96",4096,1,96,,512,128,None,5.0,400,42,400,457.94,,3.58,111.81,224.42,253.74,7268.39,17049.69
20260910_070926_expE03_E07ops_E09,e07ops_TUNOPS_r7.log,TUNOPS,bf16,96,"32,64,96",4096,1,96,,512,128,None,7.0,400,42,400,463.37,,3.62,110.49,229.34,253.06,15590.68,44554.22
20260910_070926_expE03_E07ops_E09,e07ops_TUNOPS_r9.log,TUNOPS,bf16,96,"32,64,96",4096,1,96,,512,128,None,9.0,400,42,400,459.24,,3.59,111.49,233.58,254.01,19943.06,57573.57
20260910_121248_expE04_E05_E08_E10,p_CPU48_C224_512x128.log,CPU48,fp8,224,32..224/32,4096,0,48,143360,512,128,224,inf,512,42,512,844.67,,6.60,77.59,169.04,246.03,8333.09,17332.22
20260910_121248_expE04_E05_E08_E10,p_CPU48_C64_512x128.log,CPU48,fp8,224,32..224/32,4096,0,48,143360,512,128,64,inf,512,42,512,667.08,,5.21,98.24,70.50,88.00,3452.14,5606.81
20260910_121248_expE04_E05_E08_E10,p_CPU72_C224_512x128.log,CPU72,fp8,224,32..224/32,4096,0,72,143360,512,128,224,inf,512,42,512,972.34,,7.60,67.40,148.08,213.61,6938.70,14498.11
20260910_121248_expE04_E05_E08_E10,p_CPU72_C64_512x128.log,CPU72,fp8,224,32..224/32,4096,0,72,143360,512,128,64,inf,512,42,512,748.97,,5.85,87.50,63.47,79.82,2945.06,4836.76
20260910_121248_expE04_E05_E08_E10,p_F00_C64_512x128.log,F00,bf16,96,"32,64,96",4096,0,96,,512,128,64,inf,512,42,512,716.86,,5.60,91.42,67.66,83.34,2991.39,4507.34
20260910_121248_expE04_E05_E08_E10,p_F00_C96_512x128.log,F00,bf16,96,"32,64,96",4096,0,96,,512,128,96,inf,512,42,512,754.80,,5.90,86.83,92.23,116.31,3586.99,6287.69
20260910_121248_expE04_E05_E08_E10,p_F10_C224_512x128.log,F10,fp8,224,32..224/32,4096,0,96,143360,512,128,224,inf,512,42,512,926.93,,7.24,70.70,160.09,223.73,6610.58,13961.12
20260910_121248_expE04_E05_E08_E10,p_F10_C64_512x128.log,F10,fp8,224,32..224/32,4096,0,96,143360,512,128,64,inf,512,42,512,710.39,,5.55,92.25,68.19,84.14,3024.92,4593.23
20260910_121248_expE04_E05_E08_E10,p_G_EPO_C160_512x1024.log,G_EPO,fp8,224,32..224/32,4096,0,96,143360,512,1024,160,inf,320,42,320,659.90,,0.87,365.72,161.92,192.62,11560.97,69095.05
20260910_121248_expE04_E05_E08_E10,p_G_EPO_C32_4096x128.log,G_EPO,fp8,224,32..224/32,4096,0,96,143360,4096,128,32,inf,128,42,128,142.92,,1.12,114.63,114.19,185.89,9904.84,25023.97
20260910_121248_expE04_E05_E08_E10,p_G_EPO_C64_4096x128.log,G_EPO,fp8,224,32..224/32,4096,0,96,143360,4096,128,64,inf,192,42,192,150.11,,1.17,163.72,115.46,308.12,32328.40,49117.03
20260910_121248_expE04_E05_E08_E10,p_G_EPO_C64_512x1024.log,G_EPO,fp8,224,32..224/32,4096,0,96,143360,512,1024,64,inf,128,42,128,438.41,,0.59,216.79,97.10,133.74,723.67,3952.22
20260910_121248_expE04_E05_E08_E10,p_G_TUN_C32_4096x128.log,G_TUN,bf16,96,"32,64,96",4096,0,96,,4096,128,32,inf,128,42,128,132.29,,1.03,123.85,70.84,105.13,19571.74,30376.17
20260910_121248_expE04_E05_E08_E10,p_G_TUN_C64_4096x128.log,G_TUN,bf16,96,"32,64,96",4096,0,96,,4096,128,64,inf,192,42,192,135.06,,1.06,181.97,71.18,103.98,48149.92,59340.57
20260910_121248_expE04_E05_E08_E10,p_G_TUN_C64_512x1024.log,G_TUN,bf16,96,"32,64,96",4096,0,96,,512,1024,64,inf,128,42,128,557.47,,0.76,167.59,88.31,98.40,1242.89,26052.19
20260910_121248_expE04_E05_E08_E10,p_G_TUN_C96_512x1024.log,G_TUN,bf16,96,"32,64,96",4096,0,96,,512,1024,96,inf,288,42,288,585.46,,0.80,358.86,106.37,116.56,23402.59,72755.46
20260910_121248_expE04_E05_E08_E10,p_OPSC_C160_512x128.log,OPSC,fp8,224,32..224/32,4096,1,96,143360,512,128,160,inf,512,42,512,969.51,,7.57,67.60,132.62,148.11,1658.71,9641.83
20260910_121248_expE04_E05_E08_E10,p_OPSC_C224_512x128.log,OPSC,fp8,224,32..224/32,4096,1,96,143360,512,128,224,inf,512,42,512,1046.45,,8.18,62.63,163.31,187.92,2185.51,13192.52
20260910_121248_expE04_E05_E08_E10,p_OPSC_C64_512x128.log,OPSC,fp8,224,32..224/32,4096,1,96,143360,512,128,64,inf,512,42,512,785.29,,6.14,83.45,68.66,74.83,1520.72,4416.24
20260910_155436_expE12_soak_reps,rep_EPCORE_C224_s1234.log,EPCORE,fp8,224,32..224/32,4096,0,96,143360,512,128,224,inf,512,1234,512,1039.86,,8.13,63.01,141.13,198.15,6281.43,12905.50
20260910_155436_expE12_soak_reps,rep_EPCORE_C224_s20260910.log,EPCORE,fp8,224,32..224/32,4096,0,96,143360,512,128,224,inf,512,20260910,512,1054.00,,8.23,62.18,137.32,194.63,6171.12,12863.62
20260910_155436_expE12_soak_reps,rep_EPCORE_C224_s42.log,EPCORE,fp8,224,32..224/32,4096,0,96,143360,512,128,224,inf,512,42,512,1037.52,,8.11,63.17,139.30,195.93,6443.68,13240.39
20260910_155436_expE12_soak_reps,rep_EPCORE_C224_s7.log,EPCORE,fp8,224,32..224/32,4096,0,96,143360,512,128,224,inf,512,7,512,1047.58,,8.18,62.56,138.89,195.58,6211.90,12776.04
20260910_155436_expE12_soak_reps,rep_EPCORE_C224_s99.log,EPCORE,fp8,224,32..224/32,4096,0,96,143360,512,128,224,inf,512,99,512,1058.45,,8.27,61.92,138.06,194.66,6202.69,12871.65
20260910_155436_expE12_soak_reps,rep_EPOPS_C224_s1234.log,EPOPS,fp8,224,32..224/32,4096,1,96,143360,512,128,224,inf,512,1234,512,1029.01,,8.04,63.69,165.63,191.56,2243.11,13277.37
20260910_155436_expE12_soak_reps,rep_EPOPS_C224_s20260910.log,EPOPS,fp8,224,32..224/32,4096,1,96,143360,512,128,224,inf,512,20260910,512,1030.62,,8.05,63.59,166.22,193.57,2271.14,13462.34
20260910_155436_expE12_soak_reps,rep_EPOPS_C224_s42.log,EPOPS,fp8,224,32..224/32,4096,1,96,143360,512,128,224,inf,512,42,512,1016.34,,7.94,64.47,166.51,192.23,2259.84,14106.99
20260910_155436_expE12_soak_reps,rep_EPOPS_C224_s7.log,EPOPS,fp8,224,32..224/32,4096,1,96,143360,512,128,224,inf,512,7,512,1025.60,,8.01,63.90,166.56,193.03,2284.90,13362.51
20260910_155436_expE12_soak_reps,rep_EPOPS_C224_s99.log,EPOPS,fp8,224,32..224/32,4096,1,96,143360,512,128,224,inf,512,99,512,1033.32,,8.07,63.42,165.34,190.83,2267.87,13422.42
20260910_155436_expE12_soak_reps,rep_TUNOPS_C96_s1234.log,TUNOPS,bf16,96,"32,64,96",4096,1,96,,512,128,96,inf,512,1234,512,877.01,,6.85,74.73,90.29,99.80,1630.59,5716.44
20260910_155436_expE12_soak_reps,rep_TUNOPS_C96_s20260910.log,TUNOPS,bf16,96,"32,64,96",4096,1,96,,512,128,96,inf,512,20260910,512,874.03,,6.83,74.98,90.69,100.24,1616.53,5950.25
20260910_155436_expE12_soak_reps,rep_TUNOPS_C96_s42.log,TUNOPS,bf16,96,"32,64,96",4096,1,96,,512,128,96,inf,512,42,512,862.82,,6.74,75.96,90.83,99.50,1641.07,6399.92
20260910_155436_expE12_soak_reps,rep_TUNOPS_C96_s7.log,TUNOPS,bf16,96,"32,64,96",4096,1,96,,512,128,96,inf,512,7,512,859.62,,6.73,76.10,92.29,103.35,1608.36,5763.88
20260910_155436_expE12_soak_reps,rep_TUNOPS_C96_s99.log,TUNOPS,bf16,96,"32,64,96",4096,1,96,,512,128,96,inf,512,99,512,876.13,,6.84,74.80,90.38,99.87,1630.24,5738.19
20260910_155436_expE12_soak_reps,soak_EPCORE_P1_low.log,EPCORE,fp8,224,32..224/32,4096,0,96,143360,512,128,None,1.5,1800,42,1799,189.77,,1.48,1213.21,123.31,186.25,406.74,793.22
20260910_155436_expE12_soak_reps,soak_EPCORE_P2_cap.log,EPCORE,fp8,224,32..224/32,4096,0,96,143360,512,128,None,4.5,5400,42,5400,565.22,,4.42,1222.81,422.17,467.53,1665.35,6963.54
20260910_155436_expE12_soak_reps,soak_EPCORE_P3_low.log,EPCORE,fp8,224,32..224/32,4096,0,96,143360,512,128,None,1.5,1800,42,1799,189.78,,1.48,1213.35,121.15,188.59,402.24,836.34
20260910_155436_expE12_soak_reps,soak_EPOPS_P1_low.log,EPOPS,fp8,224,32..224/32,4096,1,96,143360,512,128,None,1.5,1800,42,1800,189.70,,1.48,1214.54,108.31,156.54,419.59,810.30
20260910_155436_expE12_soak_reps,soak_EPOPS_P2_cap.log,EPOPS,fp8,224,32..224/32,4096,1,96,143360,512,128,None,5.0,6000,42,0,0.00,,0.00,1200.02,0.00,0.00,0.00,0.00
20260910_155436_expE12_soak_reps,soak_TUNOPS_P1_low.log,TUNOPS,bf16,96,"32,64,96",4096,1,96,,512,128,None,1.5,1800,42,1800,190.86,,1.49,1207.19,61.96,78.19,365.05,739.20
20260910_155436_expE12_soak_reps,soak_TUNOPS_P2_cap.log,TUNOPS,bf16,96,"32,64,96",4096,1,96,,512,128,None,3.0,3600,42,3597,381.25,,2.98,1207.37,106.58,139.22,533.82,904.78
20260910_155436_expE12_soak_reps,soak_TUNOPS_P3_low.log,TUNOPS,bf16,96,"32,64,96",4096,1,96,,512,128,None,1.5,1800,42,1799,190.82,,1.49,1206.69,63.02,81.94,380.21,809.04
20260910_191714_e03_physical_dram,bench_EPCORE_arrival15.log,bench_EPCORE_arrival15,,,,,,,,512,128,None,1.5,450,42,450,182.31,,1.42,315.94,120.55,181.92,411.87,785.88
20260910_191714_e03_physical_dram,bench_EPCORE_fixedC64.log,bench_EPCORE_fixedC64,,,,,,,,512,128,64,inf,512,42,512,787.12,,6.15,83.26,61.27,76.61,2589.35,4311.23
20260910_191714_e03_physical_dram,bench_EPOPS_arrival15.log,bench_EPOPS_arrival15,,,,,,,,512,128,None,1.5,450,42,450,182.80,,1.43,315.09,105.46,121.63,415.51,806.71
20260910_191714_e03_physical_dram,bench_EPOPS_fixedC64.log,bench_EPOPS_fixedC64,,,,,,,,512,128,64,inf,512,42,512,778.38,,6.08,84.20,69.38,75.85,1533.73,4373.20
20260910_191714_e03_physical_dram,bench_TUNOPS_arrival15.log,bench_TUNOPS_arrival15,,,,,,,,512,128,None,1.5,450,42,450,188.33,,1.47,305.84,66.93,81.31,367.25,810.73
20260910_191714_e03_physical_dram,bench_TUNOPS_fixedC64.log,bench_TUNOPS_fixedC64,,,,,,,,512,128,64,inf,512,42,512,797.38,,6.23,82.19,67.80,74.07,1523.24,4267.35
20260910_194924_e11_stage1_chunkcal,c1_CH4096_C128_512x128.log,CH4096,fp8,96,"32,64,96",4096,0,96,,512,128,128,inf,512,42,512,424.17,,3.31,154.50,269.31,297.55,4445.30,7569.35
20260910_194924_e11_stage1_chunkcal,c1_CH4096_C32_4096x128.log,CH4096,fp8,96,"32,64,96",4096,0,96,,4096,128,32,inf,128,42,128,142.92,,1.12,114.64,114.15,185.10,9899.67,24681.02
20260910_194924_e11_stage1_chunkcal,c1_CH4096_C64_4096x128.log,CH4096,fp8,96,"32,64,96",4096,0,96,,4096,128,64,inf,192,42,192,148.93,,1.16,165.02,116.90,312.62,32634.96,49607.72
20260910_194924_e11_stage1_chunkcal,c1_CH4096_C64_512x128.log,CH4096,fp8,96,"32,64,96",4096,0,96,,512,128,64,inf,512,42,512,772.52,,6.04,84.78,62.65,77.59,2605.04,4293.81
20260910_194924_e11_stage1_chunkcal,c1_CH4096_C96_512x128.log,CH4096,fp8,96,"32,64,96",4096,0,96,,512,128,96,inf,512,42,512,865.89,,6.76,75.69,78.89,103.09,3382.99,5674.85
20260910_194924_e11_stage1_chunkcal,c1_CH8192_C128_512x128.log,CH8192,fp8,96,"32,64,96",8192,0,96,,512,128,128,inf,512,42,512,432.31,,3.38,151.60,260.51,295.95,5128.37,7570.58
20260910_194924_e11_stage1_chunkcal,c1_CH8192_C32_4096x128.log,CH8192,fp8,96,"32,64,96",8192,0,96,,4096,128,32,inf,128,42,128,147.45,,1.15,111.12,107.38,176.49,9927.30,24803.62
20260910_194924_e11_stage1_chunkcal,c1_CH8192_C64_4096x128.log,CH8192,fp8,96,"32,64,96",8192,0,96,,4096,128,64,inf,192,42,192,156.63,,1.23,156.43,108.49,194.54,31646.67,48107.47
20260910_194924_e11_stage1_chunkcal,c1_CH8192_C64_512x128.log,CH8192,fp8,96,"32,64,96",8192,0,96,,512,128,64,inf,512,42,512,778.19,,6.08,84.21,58.95,78.67,3276.75,4426.58
20260910_194924_e11_stage1_chunkcal,c1_CH8192_C96_512x128.log,CH8192,fp8,96,"32,64,96",8192,0,96,,512,128,96,inf,512,42,512,867.59,,6.78,75.52,75.19,98.86,4175.28,5740.85
