ts,group,domain,llc_occ_MB,mbm_total_GBps,mbm_local_GBps
2.0,harvest,mon_L3_00,253.9,89.42,89.42
2.0,harvest,mon_L3_01,278.3,67.04,0.00
4.0,harvest,mon_L3_00,282.8,86.59,86.59
4.0,harvest,mon_L3_01,286.5,66.75,0.00
6.0,harvest,mon_L3_00,283.1,84.87,84.87
6.0,harvest,mon_L3_01,277.4,66.82,0.01
8.0,harvest,mon_L3_00,280.3,85.37,85.37
8.0,harvest,mon_L3_01,271.2,66.88,0.01
10.0,harvest,mon_L3_00,280.9,85.54,85.54
10.0,harvest,mon_L3_01,275.2,67.08,0.01
12.0,harvest,mon_L3_00,278.0,85.45,85.45
12.0,harvest,mon_L3_01,274.1,66.96,0.01
14.0,harvest,mon_L3_00,279.5,85.70,85.70
14.0,harvest,mon_L3_01,274.7,66.63,0.01
16.0,harvest,mon_L3_00,281.2,85.23,85.23
16.0,harvest,mon_L3_01,274.7,67.17,0.00
18.0,harvest,mon_L3_00,279.0,85.00,85.00
18.0,harvest,mon_L3_01,276.1,67.09,0.01
20.0,harvest,mon_L3_00,273.5,85.24,85.24
20.0,harvest,mon_L3_01,270.9,66.94,0.01
22.0,harvest,mon_L3_00,268.6,85.06,85.06
22.0,harvest,mon_L3_01,275.0,66.91,0.01
24.0,harvest,mon_L3_00,279.3,85.35,85.35
24.0,harvest,mon_L3_01,276.2,66.94,0.01
26.0,harvest,mon_L3_00,282.2,85.37,85.37
26.0,harvest,mon_L3_01,275.6,66.92,0.01
28.0,harvest,mon_L3_00,281.5,85.39,85.39
28.0,harvest,mon_L3_01,279.0,66.90,0.02
30.0,harvest,mon_L3_00,279.4,85.46,85.46
30.0,harvest,mon_L3_01,276.7,66.83,0.02
32.0,harvest,mon_L3_00,270.1,84.99,84.99
32.0,harvest,mon_L3_01,271.8,66.80,0.01
34.0,harvest,mon_L3_00,279.7,85.21,85.21
34.0,harvest,mon_L3_01,273.5,66.70,0.00
36.0,harvest,mon_L3_00,277.5,85.51,85.51
36.0,harvest,mon_L3_01,269.5,67.06,0.01
38.0,harvest,mon_L3_00,281.0,85.24,85.24
38.0,harvest,mon_L3_01,274.0,66.86,0.01
40.0,harvest,mon_L3_00,280.0,85.21,85.21
40.0,harvest,mon_L3_01,274.3,67.09,0.01
42.0,harvest,mon_L3_00,271.5,85.24,85.24
42.0,harvest,mon_L3_01,278.0,66.98,0.01
44.0,harvest,mon_L3_00,273.0,85.03,85.03
44.0,harvest,mon_L3_01,273.2,67.02,0.01
46.0,harvest,mon_L3_00,274.9,85.20,85.20
46.0,harvest,mon_L3_01,273.9,66.88,0.01
48.0,harvest,mon_L3_00,273.3,85.11,85.11
48.0,harvest,mon_L3_01,276.0,66.72,0.01
50.0,harvest,mon_L3_00,276.2,85.18,85.18
50.0,harvest,mon_L3_01,277.4,66.81,0.01
52.0,harvest,mon_L3_00,277.9,85.39,85.39
52.0,harvest,mon_L3_01,272.6,66.47,0.01
54.0,harvest,mon_L3_00,272.5,85.19,85.19
54.0,harvest,mon_L3_01,275.2,66.52,0.01
56.0,harvest,mon_L3_00,269.3,85.37,85.37
56.0,harvest,mon_L3_01,276.1,66.51,0.01
58.0,harvest,mon_L3_00,272.0,85.66,85.66
58.0,harvest,mon_L3_01,279.8,66.63,0.01
60.0,harvest,mon_L3_00,272.2,85.40,85.40
60.0,harvest,mon_L3_01,275.0,66.43,0.01
62.0,harvest,mon_L3_00,280.8,85.27,85.27
62.0,harvest,mon_L3_01,276.7,66.52,0.01
64.0,harvest,mon_L3_00,283.2,85.23,85.23
64.0,harvest,mon_L3_01,275.2,67.07,0.00
66.0,harvest,mon_L3_00,279.0,85.32,85.32
66.0,harvest,mon_L3_01,267.2,67.06,0.01
68.0,harvest,mon_L3_00,280.7,85.14,85.14
68.0,harvest,mon_L3_01,275.9,67.01,0.01
70.0,harvest,mon_L3_00,278.8,85.21,85.20
70.0,harvest,mon_L3_01,279.1,66.70,0.01
72.0,harvest,mon_L3_00,279.1,85.12,85.12
72.0,harvest,mon_L3_01,275.5,66.94,0.01
74.0,harvest,mon_L3_00,280.2,85.29,85.29
74.0,harvest,mon_L3_01,270.6,67.11,0.01
76.0,harvest,mon_L3_00,281.8,85.17,85.17
76.0,harvest,mon_L3_01,271.2,67.03,0.01
78.0,harvest,mon_L3_00,281.1,85.15,85.15
78.0,harvest,mon_L3_01,274.6,67.05,0.01
80.0,harvest,mon_L3_00,277.5,85.03,85.03
80.0,harvest,mon_L3_01,272.2,67.11,0.01
82.0,harvest,mon_L3_00,280.8,85.11,85.11
82.0,harvest,mon_L3_01,279.1,66.99,0.01
84.0,harvest,mon_L3_00,275.5,85.03,85.03
84.0,harvest,mon_L3_01,276.0,67.05,0.01
86.0,harvest,mon_L3_00,271.4,85.13,85.12
86.0,harvest,mon_L3_01,273.5,67.08,0.01
88.0,harvest,mon_L3_00,276.2,85.21,85.21
88.0,harvest,mon_L3_01,277.7,66.83,0.02
90.0,harvest,mon_L3_00,275.4,85.30,85.30
90.0,harvest,mon_L3_01,275.3,67.04,0.02
92.0,harvest,mon_L3_00,277.4,85.40,85.40
92.0,harvest,mon_L3_01,276.3,66.84,0.01
94.0,harvest,mon_L3_00,271.4,85.45,85.45
94.0,harvest,mon_L3_01,272.5,66.75,0.01
96.0,harvest,mon_L3_00,278.7,84.77,84.77
96.0,harvest,mon_L3_01,271.9,66.76,0.01
98.0,harvest,mon_L3_00,282.0,85.09,85.09
98.0,harvest,mon_L3_01,278.0,66.96,0.01
100.0,harvest,mon_L3_00,277.4,85.23,85.23
100.0,harvest,mon_L3_01,274.8,66.85,0.01
102.0,harvest,mon_L3_00,279.0,85.17,85.17
102.0,harvest,mon_L3_01,276.7,67.11,0.01
104.0,harvest,mon_L3_00,277.5,85.24,85.24
104.0,harvest,mon_L3_01,275.0,67.03,0.01
106.0,harvest,mon_L3_00,276.4,85.39,85.39
106.0,harvest,mon_L3_01,276.3,66.76,0.01
108.0,harvest,mon_L3_00,281.4,85.38,85.38
108.0,harvest,mon_L3_01,272.2,66.81,0.01
110.0,harvest,mon_L3_00,277.1,85.26,85.26
110.0,harvest,mon_L3_01,277.1,67.17,0.01
112.0,harvest,mon_L3_00,279.7,85.26,85.26
112.0,harvest,mon_L3_01,278.1,66.84,0.01
114.0,harvest,mon_L3_00,279.4,85.07,85.07
114.0,harvest,mon_L3_01,273.6,66.99,0.01
116.0,harvest,mon_L3_00,277.5,84.92,84.92
116.0,harvest,mon_L3_01,274.2,66.96,0.01
118.0,harvest,mon_L3_00,280.1,85.31,85.31
118.0,harvest,mon_L3_01,277.6,66.87,0.01
120.0,harvest,mon_L3_00,275.4,85.23,85.23
120.0,harvest,mon_L3_01,274.6,67.12,0.00
122.0,harvest,mon_L3_00,274.9,85.18,85.18
122.0,harvest,mon_L3_01,278.0,67.07,0.01
124.0,harvest,mon_L3_00,276.3,85.18,85.18
124.0,harvest,mon_L3_01,272.1,66.70,0.00
126.0,harvest,mon_L3_00,271.2,85.24,85.24
126.0,harvest,mon_L3_01,280.7,66.85,0.01
128.0,harvest,mon_L3_00,271.2,85.25,85.25
128.0,harvest,mon_L3_01,279.1,66.50,0.01
130.0,harvest,mon_L3_00,276.8,85.23,85.23
130.0,harvest,mon_L3_01,263.2,66.71,0.01
132.0,harvest,mon_L3_00,276.2,85.12,85.12
132.0,harvest,mon_L3_01,275.9,66.83,0.01
134.0,harvest,mon_L3_00,269.6,84.97,84.97
134.0,harvest,mon_L3_01,272.8,66.70,0.01
136.0,harvest,mon_L3_00,274.8,84.90,84.90
136.0,harvest,mon_L3_01,274.7,66.68,0.01
138.0,harvest,mon_L3_00,277.9,84.92,84.92
138.0,harvest,mon_L3_01,276.3,66.68,0.01
140.0,harvest,mon_L3_00,267.1,85.22,85.22
140.0,harvest,mon_L3_01,276.2,66.69,0.01
142.0,harvest,mon_L3_00,276.3,85.23,85.23
142.0,harvest,mon_L3_01,277.5,66.69,0.00
144.0,harvest,mon_L3_00,281.0,85.07,85.07
144.0,harvest,mon_L3_01,277.9,66.85,0.01
146.0,harvest,mon_L3_00,276.4,85.28,85.28
146.0,harvest,mon_L3_01,274.7,66.96,0.01
148.0,harvest,mon_L3_00,281.2,84.86,84.86
148.0,harvest,mon_L3_01,279.5,66.86,0.00
150.0,harvest,mon_L3_00,279.3,85.16,85.16
150.0,harvest,mon_L3_01,277.9,66.87,0.01
152.0,harvest,mon_L3_00,271.6,84.86,84.86
152.0,harvest,mon_L3_01,276.7,66.72,0.01
154.0,harvest,mon_L3_00,275.6,85.18,85.18
154.0,harvest,mon_L3_01,274.8,66.71,0.01
156.0,harvest,mon_L3_00,268.6,85.21,85.21
156.0,harvest,mon_L3_01,272.7,66.97,0.01
158.0,harvest,mon_L3_00,273.4,84.90,84.90
158.0,harvest,mon_L3_01,278.8,66.75,0.01
160.0,harvest,mon_L3_00,275.9,85.15,85.15
160.0,harvest,mon_L3_01,276.3,66.86,0.01
162.0,harvest,mon_L3_00,277.5,85.51,85.51
162.0,harvest,mon_L3_01,276.4,67.01,0.01
164.0,harvest,mon_L3_00,275.6,85.05,85.05
164.0,harvest,mon_L3_01,270.2,66.96,0.01
166.0,harvest,mon_L3_00,275.7,85.32,85.32
166.0,harvest,mon_L3_01,270.0,66.91,0.01
168.0,harvest,mon_L3_00,276.6,85.11,85.11
168.0,harvest,mon_L3_01,275.7,66.93,0.01
170.0,harvest,mon_L3_00,274.6,85.34,85.35
170.0,harvest,mon_L3_01,278.0,66.88,0.00
172.0,harvest,mon_L3_00,279.4,85.39,85.39
172.0,harvest,mon_L3_01,279.1,66.87,0.00
174.0,harvest,mon_L3_00,277.5,85.43,85.43
174.0,harvest,mon_L3_01,251.7,66.83,0.00
176.0,harvest,mon_L3_00,272.7,85.37,85.37
176.0,harvest,mon_L3_01,274.8,66.65,0.01
178.0,harvest,mon_L3_00,272.6,85.33,85.33
178.0,harvest,mon_L3_01,274.9,66.68,0.01
180.0,harvest,mon_L3_00,268.5,85.40,85.40
180.0,harvest,mon_L3_01,276.9,66.69,0.00
182.0,harvest,mon_L3_00,272.2,85.46,85.46
182.0,harvest,mon_L3_01,275.2,66.85,0.00
184.0,harvest,mon_L3_00,275.4,85.48,85.48
184.0,harvest,mon_L3_01,276.7,66.82,0.01
186.0,harvest,mon_L3_00,276.9,85.27,85.27
186.0,harvest,mon_L3_01,277.4,66.77,0.01
188.0,harvest,mon_L3_00,277.4,85.25,85.25
188.0,harvest,mon_L3_01,279.3,66.84,0.00
190.0,harvest,mon_L3_00,274.9,85.31,85.31
190.0,harvest,mon_L3_01,275.4,66.92,0.01
192.0,harvest,mon_L3_00,276.4,85.19,85.19
192.0,harvest,mon_L3_01,278.0,66.90,0.00
194.0,harvest,mon_L3_00,278.3,85.32,85.32
194.0,harvest,mon_L3_01,274.6,66.76,0.01
196.0,harvest,mon_L3_00,275.4,85.22,85.22
196.0,harvest,mon_L3_01,276.1,66.67,0.01
198.0,harvest,mon_L3_00,274.9,85.44,85.44
198.0,harvest,mon_L3_01,270.5,66.97,0.01
200.0,harvest,mon_L3_00,274.9,85.23,85.23
200.0,harvest,mon_L3_01,276.8,66.97,0.01
202.0,harvest,mon_L3_00,270.8,85.15,85.15
202.0,harvest,mon_L3_01,278.9,66.66,0.01
204.0,harvest,mon_L3_00,271.3,85.37,85.37
204.0,harvest,mon_L3_01,278.7,66.68,0.01
206.1,harvest,mon_L3_00,277.1,84.70,84.70
206.1,harvest,mon_L3_01,271.2,66.83,0.01
208.1,harvest,mon_L3_00,275.6,85.20,85.20
208.1,harvest,mon_L3_01,280.0,66.76,0.00
210.1,harvest,mon_L3_00,271.8,85.26,85.26
210.1,harvest,mon_L3_01,279.4,66.61,0.01
212.1,harvest,mon_L3_00,275.2,85.48,85.48
212.1,harvest,mon_L3_01,280.0,67.02,0.01
214.1,harvest,mon_L3_00,273.2,85.24,85.24
214.1,harvest,mon_L3_01,280.2,66.69,0.02
216.1,harvest,mon_L3_00,274.9,85.19,85.19
216.1,harvest,mon_L3_01,275.3,66.69,0.01
218.1,harvest,mon_L3_00,268.6,84.88,84.88
218.1,harvest,mon_L3_01,276.8,66.72,0.01
220.1,harvest,mon_L3_00,268.1,85.26,85.26
220.1,harvest,mon_L3_01,276.7,66.72,0.01
222.1,harvest,mon_L3_00,268.8,85.18,85.18
222.1,harvest,mon_L3_01,273.5,66.82,0.01
224.1,harvest,mon_L3_00,268.6,85.64,85.64
224.1,harvest,mon_L3_01,271.4,66.69,0.01
226.1,harvest,mon_L3_00,276.0,85.57,85.57
226.1,harvest,mon_L3_01,271.9,67.05,0.01
228.1,harvest,mon_L3_00,279.5,85.69,85.69
228.1,harvest,mon_L3_01,276.8,67.15,0.01
230.1,harvest,mon_L3_00,278.8,85.61,85.61
230.1,harvest,mon_L3_01,275.7,67.01,0.01
232.1,harvest,mon_L3_00,277.7,85.61,85.61
232.1,harvest,mon_L3_01,276.1,66.90,0.01
234.1,harvest,mon_L3_00,275.4,85.64,85.64
234.1,harvest,mon_L3_01,276.6,66.87,0.01
236.1,harvest,mon_L3_00,284.1,85.56,85.56
236.1,harvest,mon_L3_01,278.2,66.94,0.01
238.1,harvest,mon_L3_00,276.7,85.43,85.43
238.1,harvest,mon_L3_01,278.7,67.03,0.01
240.1,harvest,mon_L3_00,277.0,84.96,84.95
240.1,harvest,mon_L3_01,278.1,66.59,0.01
242.1,harvest,mon_L3_00,276.9,85.37,85.37
242.1,harvest,mon_L3_01,275.3,66.89,0.01
244.1,harvest,mon_L3_00,274.1,85.29,85.29
244.1,harvest,mon_L3_01,274.1,66.81,0.01
246.1,harvest,mon_L3_00,276.4,85.19,85.19
246.1,harvest,mon_L3_01,280.5,66.90,0.01
248.1,harvest,mon_L3_00,273.2,85.15,85.15
248.1,harvest,mon_L3_01,279.3,66.64,0.01
250.1,harvest,mon_L3_00,281.8,85.56,85.56
250.1,harvest,mon_L3_01,278.7,66.76,0.01
252.1,harvest,mon_L3_00,279.3,85.36,85.36
252.1,harvest,mon_L3_01,279.6,66.83,0.01
254.1,harvest,mon_L3_00,280.8,85.46,85.46
254.1,harvest,mon_L3_01,280.7,66.64,0.01
256.1,harvest,mon_L3_00,278.6,85.30,85.30
256.1,harvest,mon_L3_01,277.0,66.69,0.01
258.1,harvest,mon_L3_00,277.7,85.39,85.39
258.1,harvest,mon_L3_01,280.2,66.79,0.01
260.1,harvest,mon_L3_00,280.0,85.42,85.42
260.1,harvest,mon_L3_01,278.6,66.72,0.01
262.1,harvest,mon_L3_00,279.3,85.24,85.24
262.1,harvest,mon_L3_01,275.3,66.64,0.01
264.1,harvest,mon_L3_00,277.7,85.36,85.36
264.1,harvest,mon_L3_01,282.0,66.71,0.01
266.1,harvest,mon_L3_00,277.3,85.14,85.14
266.1,harvest,mon_L3_01,279.4,66.63,0.01
268.1,harvest,mon_L3_00,278.2,85.32,85.32
268.1,harvest,mon_L3_01,279.8,66.77,0.01
270.1,harvest,mon_L3_00,278.3,85.20,85.20
270.1,harvest,mon_L3_01,281.0,66.61,0.01
272.1,harvest,mon_L3_00,273.2,85.22,85.22
272.1,harvest,mon_L3_01,277.6,66.69,0.01
274.1,harvest,mon_L3_00,274.7,85.31,85.31
274.1,harvest,mon_L3_01,278.7,66.79,0.01
276.1,harvest,mon_L3_00,274.3,85.33,85.33
276.1,harvest,mon_L3_01,277.5,66.81,0.01
278.1,harvest,mon_L3_00,279.1,85.23,85.23
278.1,harvest,mon_L3_01,280.3,66.66,0.01
280.1,harvest,mon_L3_00,270.8,84.94,84.94
280.1,harvest,mon_L3_01,280.5,66.59,0.01
282.1,harvest,mon_L3_00,267.5,85.27,85.27
282.1,harvest,mon_L3_01,272.0,66.65,0.01
284.1,harvest,mon_L3_00,267.8,84.87,84.87
284.1,harvest,mon_L3_01,279.3,66.43,0.01
286.1,harvest,mon_L3_00,274.7,85.01,85.01
286.1,harvest,mon_L3_01,277.3,66.35,0.01
288.1,harvest,mon_L3_00,275.2,85.20,85.20
288.1,harvest,mon_L3_01,278.0,66.46,0.01
290.1,harvest,mon_L3_00,268.1,85.29,85.29
290.1,harvest,mon_L3_01,284.9,66.47,0.01
292.1,harvest,mon_L3_00,274.0,85.22,85.22
292.1,harvest,mon_L3_01,283.5,66.39,0.01
294.1,harvest,mon_L3_00,275.4,85.11,85.11
294.1,harvest,mon_L3_01,279.0,66.39,0.01
296.1,harvest,mon_L3_00,273.3,85.16,85.16
296.1,harvest,mon_L3_01,280.1,66.55,0.01
298.1,harvest,mon_L3_00,275.2,85.16,85.16
298.1,harvest,mon_L3_01,280.1,66.44,0.01
300.1,harvest,mon_L3_00,272.6,85.11,85.11
300.1,harvest,mon_L3_01,282.5,66.58,0.01
302.1,harvest,mon_L3_00,271.2,85.19,85.19
302.1,harvest,mon_L3_01,278.4,66.39,0.01
304.1,harvest,mon_L3_00,273.0,85.09,85.09
304.1,harvest,mon_L3_01,278.8,66.56,0.01
306.1,harvest,mon_L3_00,275.4,85.35,85.35
306.1,harvest,mon_L3_01,278.7,66.72,0.01
308.1,harvest,mon_L3_00,275.7,85.47,85.47
308.1,harvest,mon_L3_01,279.1,66.79,0.01
310.1,harvest,mon_L3_00,274.8,85.52,85.52
310.1,harvest,mon_L3_01,277.0,66.60,0.01
312.1,harvest,mon_L3_00,274.9,85.51,85.51
312.1,harvest,mon_L3_01,279.7,66.82,0.01
314.1,harvest,mon_L3_00,273.9,85.42,85.42
314.1,harvest,mon_L3_01,280.1,66.65,0.01
316.1,harvest,mon_L3_00,269.3,85.46,85.46
316.1,harvest,mon_L3_01,280.4,66.59,0.01
318.1,harvest,mon_L3_00,279.1,85.68,85.68
318.1,harvest,mon_L3_01,281.5,66.84,0.01
320.1,harvest,mon_L3_00,278.3,85.38,85.38
320.1,harvest,mon_L3_01,282.7,66.73,0.01
322.1,harvest,mon_L3_00,276.0,85.36,85.36
322.1,harvest,mon_L3_01,278.4,66.70,0.01
324.1,harvest,mon_L3_00,277.6,85.07,85.07
324.1,harvest,mon_L3_01,278.1,66.83,0.01
326.1,harvest,mon_L3_00,278.1,85.33,85.33
326.1,harvest,mon_L3_01,280.8,66.68,0.01
328.1,harvest,mon_L3_00,277.5,85.28,85.28
328.1,harvest,mon_L3_01,276.8,66.68,0.01
330.1,harvest,mon_L3_00,273.9,85.57,85.57
330.1,harvest,mon_L3_01,279.5,66.80,0.01
332.1,harvest,mon_L3_00,277.3,85.54,85.54
332.1,harvest,mon_L3_01,281.4,66.74,0.01
334.1,harvest,mon_L3_00,274.8,85.61,85.61
334.1,harvest,mon_L3_01,282.8,66.72,0.01
336.1,harvest,mon_L3_00,275.9,85.57,85.57
336.1,harvest,mon_L3_01,279.7,66.79,0.01
338.1,harvest,mon_L3_00,276.3,85.67,85.67
338.1,harvest,mon_L3_01,274.6,66.84,0.01
340.1,harvest,mon_L3_00,274.0,85.80,85.80
340.1,harvest,mon_L3_01,282.8,66.77,0.01
342.1,harvest,mon_L3_00,277.3,85.88,85.88
342.1,harvest,mon_L3_01,281.6,66.79,0.01
344.1,harvest,mon_L3_00,276.2,85.68,85.68
344.1,harvest,mon_L3_01,278.6,66.96,0.01
346.1,harvest,mon_L3_00,276.9,85.61,85.61
346.1,harvest,mon_L3_01,275.7,66.71,0.01
348.1,harvest,mon_L3_00,268.4,85.26,85.26
348.1,harvest,mon_L3_01,270.7,66.74,0.01
350.1,harvest,mon_L3_00,276.9,85.34,85.34
350.1,harvest,mon_L3_01,279.7,66.65,0.01
352.1,harvest,mon_L3_00,277.0,85.45,85.45
352.1,harvest,mon_L3_01,279.5,67.03,0.01
354.1,harvest,mon_L3_00,272.8,85.66,85.66
354.1,harvest,mon_L3_01,279.0,66.92,0.01
356.1,harvest,mon_L3_00,276.8,85.70,85.70
356.1,harvest,mon_L3_01,278.2,66.95,0.01
358.1,harvest,mon_L3_00,277.1,85.54,85.54
358.1,harvest,mon_L3_01,277.9,67.10,0.01
360.1,harvest,mon_L3_00,271.5,85.43,85.43
360.1,harvest,mon_L3_01,275.5,66.70,0.01
362.1,harvest,mon_L3_00,277.4,85.40,85.40
362.1,harvest,mon_L3_01,278.4,66.83,0.01
364.1,harvest,mon_L3_00,267.0,85.09,85.09
364.1,harvest,mon_L3_01,276.0,66.63,0.01
366.1,harvest,mon_L3_00,276.2,84.84,84.84
366.1,harvest,mon_L3_01,272.8,66.40,0.01
368.1,harvest,mon_L3_00,272.6,84.87,84.87
368.1,harvest,mon_L3_01,283.4,66.33,0.01
370.1,harvest,mon_L3_00,270.1,85.04,85.04
370.1,harvest,mon_L3_01,274.9,66.46,0.01
372.1,harvest,mon_L3_00,274.8,84.75,84.75
372.1,harvest,mon_L3_01,271.1,66.53,0.01
374.1,harvest,mon_L3_00,275.2,84.71,84.71
374.1,harvest,mon_L3_01,280.3,66.49,0.01
376.1,harvest,mon_L3_00,278.3,84.74,84.74
376.1,harvest,mon_L3_01,272.3,66.60,0.01
378.1,harvest,mon_L3_00,280.4,84.53,84.53
378.1,harvest,mon_L3_01,276.2,66.44,0.01
380.1,harvest,mon_L3_00,270.6,84.83,84.83
380.1,harvest,mon_L3_01,278.6,66.38,0.02
382.1,harvest,mon_L3_00,277.5,85.16,85.16
382.1,harvest,mon_L3_01,278.7,66.51,0.01
384.1,harvest,mon_L3_00,280.2,85.15,85.15
384.1,harvest,mon_L3_01,276.8,66.70,0.01
386.1,harvest,mon_L3_00,276.1,85.13,85.13
386.1,harvest,mon_L3_01,279.7,66.67,0.02
388.1,harvest,mon_L3_00,278.9,85.33,85.33
388.1,harvest,mon_L3_01,280.9,66.75,0.01
390.1,harvest,mon_L3_00,271.8,85.04,85.04
390.1,harvest,mon_L3_01,277.0,66.75,0.01
392.1,harvest,mon_L3_00,277.0,85.02,85.02
392.1,harvest,mon_L3_01,277.0,66.83,0.01
394.1,harvest,mon_L3_00,278.1,85.10,85.10
394.1,harvest,mon_L3_01,278.9,66.66,0.01
396.1,harvest,mon_L3_00,276.3,85.16,85.16
396.1,harvest,mon_L3_01,279.4,66.58,0.01
398.1,harvest,mon_L3_00,277.9,85.31,85.31
398.1,harvest,mon_L3_01,279.5,66.87,0.02
400.1,harvest,mon_L3_00,280.1,85.29,85.29
400.1,harvest,mon_L3_01,286.3,66.57,0.02
402.1,harvest,mon_L3_00,277.3,85.08,85.08
402.1,harvest,mon_L3_01,281.7,66.78,0.01
404.1,harvest,mon_L3_00,279.1,85.06,85.06
404.1,harvest,mon_L3_01,278.3,66.63,0.01
406.1,harvest,mon_L3_00,279.6,85.11,85.11
406.1,harvest,mon_L3_01,279.3,66.70,0.02
408.1,harvest,mon_L3_00,280.5,85.19,85.19
408.1,harvest,mon_L3_01,280.5,66.64,0.02
410.1,harvest,mon_L3_00,276.6,85.05,85.05
410.1,harvest,mon_L3_01,278.4,66.61,0.01
412.1,harvest,mon_L3_00,267.7,84.76,84.76
412.1,harvest,mon_L3_01,276.9,66.40,0.02
414.1,harvest,mon_L3_00,268.6,84.80,84.80
414.1,harvest,mon_L3_01,280.0,66.21,0.01
416.1,harvest,mon_L3_00,272.5,85.14,85.14
416.1,harvest,mon_L3_01,280.5,66.74,0.01
418.1,harvest,mon_L3_00,278.4,85.29,85.29
418.1,harvest,mon_L3_01,280.0,66.62,0.01
420.1,harvest,mon_L3_00,278.1,85.35,85.35
420.1,harvest,mon_L3_01,281.8,66.75,0.01
422.1,harvest,mon_L3_00,274.8,85.21,85.21
422.1,harvest,mon_L3_01,279.7,66.73,0.01
424.1,harvest,mon_L3_00,274.0,85.34,85.34
424.1,harvest,mon_L3_01,281.2,66.66,0.01
426.1,harvest,mon_L3_00,276.4,85.11,85.11
426.1,harvest,mon_L3_01,280.9,66.61,0.01
428.1,harvest,mon_L3_00,280.5,85.30,85.30
428.1,harvest,mon_L3_01,283.2,66.59,0.01
430.1,harvest,mon_L3_00,280.1,85.16,85.16
430.1,harvest,mon_L3_01,280.1,66.67,0.01
432.1,harvest,mon_L3_00,274.7,85.22,85.22
432.1,harvest,mon_L3_01,277.7,66.54,0.01
434.1,harvest,mon_L3_00,278.2,85.15,85.15
434.1,harvest,mon_L3_01,278.3,66.76,0.01
436.1,harvest,mon_L3_00,280.7,85.18,85.18
436.1,harvest,mon_L3_01,282.3,66.64,0.01
438.1,harvest,mon_L3_00,277.4,85.23,85.23
438.1,harvest,mon_L3_01,281.7,66.65,0.01
440.1,harvest,mon_L3_00,277.3,85.44,85.44
440.1,harvest,mon_L3_01,279.8,66.56,0.01
442.1,harvest,mon_L3_00,272.2,84.94,84.94
442.1,harvest,mon_L3_01,281.6,66.49,0.01
444.1,harvest,mon_L3_00,272.5,85.19,85.19
444.1,harvest,mon_L3_01,281.4,66.42,0.01
446.1,harvest,mon_L3_00,277.5,85.06,85.06
446.1,harvest,mon_L3_01,277.7,66.24,0.01
448.1,harvest,mon_L3_00,275.6,84.99,84.99
448.1,harvest,mon_L3_01,281.6,66.30,0.01
450.1,harvest,mon_L3_00,272.6,85.25,85.25
450.1,harvest,mon_L3_01,280.9,66.38,0.01
452.1,harvest,mon_L3_00,273.5,85.17,85.17
452.1,harvest,mon_L3_01,282.5,66.52,0.02
454.1,harvest,mon_L3_00,270.5,85.01,85.01
454.1,harvest,mon_L3_01,280.4,66.41,0.01
456.1,harvest,mon_L3_00,273.0,85.08,85.08
456.1,harvest,mon_L3_01,282.0,66.27,0.01
458.1,harvest,mon_L3_00,272.6,84.80,84.80
458.1,harvest,mon_L3_01,277.5,66.47,0.01
460.1,harvest,mon_L3_00,270.5,84.80,84.80
460.1,harvest,mon_L3_01,276.0,66.54,0.01
462.1,harvest,mon_L3_00,278.1,85.21,85.21
462.1,harvest,mon_L3_01,274.9,66.86,0.01
464.1,harvest,mon_L3_00,274.5,85.06,85.06
464.1,harvest,mon_L3_01,277.0,66.68,0.01
466.1,harvest,mon_L3_00,281.8,85.16,85.16
466.1,harvest,mon_L3_01,276.9,66.87,0.01
468.1,harvest,mon_L3_00,283.5,85.00,85.00
468.1,harvest,mon_L3_01,279.1,66.75,0.01
470.1,harvest,mon_L3_00,274.0,84.98,84.98
470.1,harvest,mon_L3_01,275.5,66.93,0.01
472.1,harvest,mon_L3_00,280.2,85.03,85.03
472.1,harvest,mon_L3_01,278.1,66.78,0.01
474.1,harvest,mon_L3_00,278.7,84.54,84.54
474.1,harvest,mon_L3_01,282.5,66.68,0.01
476.1,harvest,mon_L3_00,278.1,84.68,84.68
476.1,harvest,mon_L3_01,275.3,66.47,0.01
478.1,harvest,mon_L3_00,269.6,84.70,84.70
478.1,harvest,mon_L3_01,274.8,66.50,0.01
480.1,harvest,mon_L3_00,280.1,85.00,85.00
480.1,harvest,mon_L3_01,275.3,66.81,0.01
482.1,harvest,mon_L3_00,280.1,85.05,85.05
482.1,harvest,mon_L3_01,276.3,66.79,0.01
484.1,harvest,mon_L3_00,273.8,84.87,84.87
484.1,harvest,mon_L3_01,275.7,67.00,0.01
486.1,harvest,mon_L3_00,281.2,85.10,85.10
486.1,harvest,mon_L3_01,277.0,66.81,0.01
488.1,harvest,mon_L3_00,276.2,84.95,84.95
488.1,harvest,mon_L3_01,276.9,66.75,0.01
490.1,harvest,mon_L3_00,278.0,84.97,84.97
490.1,harvest,mon_L3_01,276.0,66.71,0.01
492.1,harvest,mon_L3_00,280.5,85.05,85.05
492.1,harvest,mon_L3_01,278.7,66.93,0.01
494.1,harvest,mon_L3_00,268.9,84.94,84.94
494.1,harvest,mon_L3_01,277.9,66.85,0.01
496.1,harvest,mon_L3_00,282.0,85.06,85.06
496.1,harvest,mon_L3_01,275.9,66.92,0.01
498.1,harvest,mon_L3_00,281.7,85.13,85.13
498.1,harvest,mon_L3_01,270.6,67.03,0.01
500.1,harvest,mon_L3_00,278.1,85.10,85.10
500.1,harvest,mon_L3_01,275.5,66.89,0.01
502.1,harvest,mon_L3_00,276.3,85.19,85.19
502.1,harvest,mon_L3_01,277.0,66.63,0.01
504.1,harvest,mon_L3_00,278.4,85.50,85.50
504.1,harvest,mon_L3_01,278.0,66.76,0.01
506.1,harvest,mon_L3_00,279.8,85.38,85.38
506.1,harvest,mon_L3_01,279.5,66.73,0.01
508.1,harvest,mon_L3_00,280.1,85.43,85.43
508.1,harvest,mon_L3_01,281.4,66.90,0.01
510.1,harvest,mon_L3_00,278.2,85.36,85.36
510.1,harvest,mon_L3_01,277.9,66.66,0.01
512.1,harvest,mon_L3_00,274.2,85.47,85.47
512.1,harvest,mon_L3_01,277.6,66.83,0.01
514.1,harvest,mon_L3_00,278.4,85.60,85.59
514.1,harvest,mon_L3_01,278.3,66.66,0.01
516.1,harvest,mon_L3_00,279.8,85.42,85.42
516.1,harvest,mon_L3_01,279.6,66.71,0.01
518.1,harvest,mon_L3_00,276.1,85.54,85.54
518.1,harvest,mon_L3_01,280.3,66.79,0.01
520.1,harvest,mon_L3_00,270.4,85.40,85.40
520.1,harvest,mon_L3_01,280.8,66.58,0.01
522.1,harvest,mon_L3_00,271.4,84.95,84.95
522.1,harvest,mon_L3_01,281.8,66.61,0.01
524.1,harvest,mon_L3_00,276.0,85.30,85.30
524.1,harvest,mon_L3_01,278.7,66.57,0.02
526.1,harvest,mon_L3_00,275.9,85.17,85.17
526.1,harvest,mon_L3_01,277.4,66.63,0.01
528.1,harvest,mon_L3_00,274.8,85.17,85.17
528.1,harvest,mon_L3_01,275.6,66.72,0.01
530.1,harvest,mon_L3_00,273.4,85.45,85.45
530.1,harvest,mon_L3_01,279.3,66.54,0.01
532.1,harvest,mon_L3_00,266.7,85.32,85.32
532.1,harvest,mon_L3_01,279.1,66.43,0.01
534.1,harvest,mon_L3_00,274.8,85.56,85.55
534.1,harvest,mon_L3_01,278.8,66.43,0.01
536.1,harvest,mon_L3_00,273.9,85.52,85.52
536.1,harvest,mon_L3_01,277.1,66.63,0.01
538.1,harvest,mon_L3_00,261.9,85.58,85.58
538.1,harvest,mon_L3_01,273.4,66.80,0.01
540.1,harvest,mon_L3_00,262.1,85.58,85.58
540.1,harvest,mon_L3_01,276.3,66.55,0.01
542.1,harvest,mon_L3_00,273.6,85.53,85.53
542.1,harvest,mon_L3_01,278.9,66.54,0.01
544.1,harvest,mon_L3_00,266.5,85.56,85.56
544.1,harvest,mon_L3_01,273.6,66.67,0.01
546.1,harvest,mon_L3_00,278.0,85.65,85.65
546.1,harvest,mon_L3_01,277.3,66.46,0.01
548.1,harvest,mon_L3_00,272.8,85.58,85.58
548.1,harvest,mon_L3_01,277.5,66.81,0.01
550.1,harvest,mon_L3_00,272.7,85.59,85.59
550.1,harvest,mon_L3_01,280.2,66.62,0.01
552.1,harvest,mon_L3_00,278.1,85.77,85.77
552.1,harvest,mon_L3_01,276.1,66.85,0.00
554.1,harvest,mon_L3_00,273.5,85.69,85.69
554.1,harvest,mon_L3_01,275.2,66.65,0.00
556.1,harvest,mon_L3_00,274.6,85.64,85.64
556.1,harvest,mon_L3_01,277.3,66.80,0.01
558.1,harvest,mon_L3_00,273.3,85.60,85.61
558.1,harvest,mon_L3_01,277.6,66.69,0.01
560.1,harvest,mon_L3_00,273.6,85.86,85.86
560.1,harvest,mon_L3_01,275.5,66.77,0.01
562.1,harvest,mon_L3_00,274.3,85.64,85.64
562.1,harvest,mon_L3_01,277.4,66.78,0.01
564.1,harvest,mon_L3_00,275.6,85.82,85.82
564.1,harvest,mon_L3_01,277.9,66.73,0.01
566.1,harvest,mon_L3_00,280.1,85.78,85.78
566.1,harvest,mon_L3_01,288.4,66.94,0.01
568.1,harvest,mon_L3_00,272.8,85.25,85.25
568.1,harvest,mon_L3_01,273.5,66.73,0.01
570.1,harvest,mon_L3_00,274.8,85.18,85.18
570.1,harvest,mon_L3_01,270.6,66.59,0.01
572.1,harvest,mon_L3_00,273.2,85.16,85.16
572.1,harvest,mon_L3_01,270.6,66.79,0.00
574.1,harvest,mon_L3_00,269.5,85.19,85.19
574.1,harvest,mon_L3_01,276.0,66.73,0.01
576.1,harvest,mon_L3_00,270.7,85.29,85.29
576.1,harvest,mon_L3_01,278.7,66.78,0.01
578.1,harvest,mon_L3_00,274.1,85.36,85.36
578.1,harvest,mon_L3_01,275.9,66.80,0.01
580.1,harvest,mon_L3_00,275.9,85.24,85.23
580.1,harvest,mon_L3_01,277.1,66.69,0.01
582.1,harvest,mon_L3_00,276.3,85.14,85.14
582.1,harvest,mon_L3_01,278.6,66.63,0.01
584.1,harvest,mon_L3_00,275.7,85.17,85.17
584.1,harvest,mon_L3_01,276.1,66.80,0.01
586.1,harvest,mon_L3_00,278.8,85.22,85.22
586.1,harvest,mon_L3_01,272.3,66.81,0.01
588.1,harvest,mon_L3_00,279.4,85.13,85.13
588.1,harvest,mon_L3_01,280.8,66.73,0.01
590.1,harvest,mon_L3_00,277.1,85.16,85.16
590.1,harvest,mon_L3_01,279.6,66.83,0.01
592.1,harvest,mon_L3_00,278.7,85.15,85.15
592.1,harvest,mon_L3_01,278.6,66.75,0.01
594.1,harvest,mon_L3_00,273.5,85.04,85.04
594.1,harvest,mon_L3_01,277.3,66.79,0.02
596.1,harvest,mon_L3_00,278.3,84.99,84.99
596.1,harvest,mon_L3_01,276.4,66.82,0.01
598.1,harvest,mon_L3_00,277.5,85.15,85.15
598.1,harvest,mon_L3_01,278.6,66.71,0.01
600.1,harvest,mon_L3_00,278.2,85.19,85.19
600.1,harvest,mon_L3_01,278.1,66.90,0.01
602.1,harvest,mon_L3_00,275.7,85.11,85.11
602.1,harvest,mon_L3_01,281.1,66.85,0.01
604.1,harvest,mon_L3_00,274.8,85.39,85.39
604.1,harvest,mon_L3_01,279.0,66.74,0.00
606.1,harvest,mon_L3_00,272.1,84.86,84.86
606.1,harvest,mon_L3_01,276.0,66.54,0.01
608.1,harvest,mon_L3_00,267.4,84.69,84.69
608.1,harvest,mon_L3_01,277.9,66.62,0.01
610.1,harvest,mon_L3_00,271.5,85.33,85.33
610.1,harvest,mon_L3_01,272.7,66.84,0.01
612.1,harvest,mon_L3_00,272.6,84.97,84.97
612.1,harvest,mon_L3_01,278.9,66.64,0.01
614.1,harvest,mon_L3_00,271.5,85.16,85.16
614.1,harvest,mon_L3_01,277.1,66.53,0.01
616.1,harvest,mon_L3_00,271.8,85.18,85.18
616.1,harvest,mon_L3_01,277.0,66.58,0.01
618.2,harvest,mon_L3_00,273.9,85.22,85.22
618.2,harvest,mon_L3_01,281.2,66.58,0.01
620.2,harvest,mon_L3_00,278.8,85.43,85.43
620.2,harvest,mon_L3_01,279.0,66.59,0.01
622.2,harvest,mon_L3_00,270.2,85.60,85.59
622.2,harvest,mon_L3_01,278.6,66.66,0.01
624.2,harvest,mon_L3_00,268.0,85.34,85.34
624.2,harvest,mon_L3_01,277.0,66.64,0.01
626.2,harvest,mon_L3_00,268.5,85.10,85.10
626.2,harvest,mon_L3_01,272.1,66.64,0.01
628.2,harvest,mon_L3_00,276.4,85.52,85.52
628.2,harvest,mon_L3_01,275.6,66.83,0.01
630.2,harvest,mon_L3_00,275.3,85.53,85.53
630.2,harvest,mon_L3_01,278.6,66.93,0.01
632.2,harvest,mon_L3_00,273.4,85.55,85.55
632.2,harvest,mon_L3_01,278.9,66.87,0.00
634.2,harvest,mon_L3_00,274.6,85.29,85.30
634.2,harvest,mon_L3_01,276.6,66.93,0.00
636.2,harvest,mon_L3_00,272.5,85.21,85.21
636.2,harvest,mon_L3_01,278.1,66.85,0.01
638.2,harvest,mon_L3_00,275.5,85.16,85.16
638.2,harvest,mon_L3_01,277.4,66.91,0.01
640.2,harvest,mon_L3_00,279.7,85.26,85.26
640.2,harvest,mon_L3_01,274.1,66.85,0.01
642.2,harvest,mon_L3_00,274.1,85.07,85.07
642.2,harvest,mon_L3_01,270.4,66.83,0.01
644.2,harvest,mon_L3_00,272.9,85.38,85.38
644.2,harvest,mon_L3_01,279.6,66.97,0.01
646.2,harvest,mon_L3_00,274.7,85.15,85.15
646.2,harvest,mon_L3_01,280.9,66.84,0.01
648.2,harvest,mon_L3_00,276.6,85.04,85.04
648.2,harvest,mon_L3_01,277.6,66.88,0.01
650.2,harvest,mon_L3_00,275.7,85.67,85.67
650.2,harvest,mon_L3_01,281.5,66.64,0.00
652.2,harvest,mon_L3_00,278.8,85.59,85.58
652.2,harvest,mon_L3_01,278.9,66.80,0.01
654.2,harvest,mon_L3_00,276.6,85.45,85.45
654.2,harvest,mon_L3_01,281.4,66.87,0.01
656.2,harvest,mon_L3_00,272.9,85.24,85.24
656.2,harvest,mon_L3_01,279.1,66.80,0.01
658.2,harvest,mon_L3_00,277.6,85.23,85.23
658.2,harvest,mon_L3_01,273.9,66.84,0.01
660.2,harvest,mon_L3_00,276.9,85.54,85.54
660.2,harvest,mon_L3_01,278.3,66.96,0.01
662.2,harvest,mon_L3_00,276.6,85.50,85.50
662.2,harvest,mon_L3_01,279.3,66.96,0.01
664.2,harvest,mon_L3_00,279.7,85.32,85.32
664.2,harvest,mon_L3_01,276.7,66.79,0.01
666.2,harvest,mon_L3_00,279.3,85.14,85.14
666.2,harvest,mon_L3_01,278.0,66.77,0.01
668.2,harvest,mon_L3_00,275.2,85.35,85.35
668.2,harvest,mon_L3_01,280.7,66.73,0.01
670.2,harvest,mon_L3_00,280.8,85.23,85.23
670.2,harvest,mon_L3_01,277.6,66.82,0.01
672.2,harvest,mon_L3_00,277.4,85.42,85.42
672.2,harvest,mon_L3_01,279.4,66.83,0.01
674.2,harvest,mon_L3_00,276.3,85.03,85.03
674.2,harvest,mon_L3_01,276.0,66.65,0.01
676.2,harvest,mon_L3_00,267.8,84.82,84.82
676.2,harvest,mon_L3_01,277.5,66.77,0.01
678.2,harvest,mon_L3_00,273.6,84.70,84.70
678.2,harvest,mon_L3_01,274.7,66.59,0.01
680.2,harvest,mon_L3_00,277.1,85.17,85.17
680.2,harvest,mon_L3_01,278.7,66.46,0.01
682.2,harvest,mon_L3_00,278.0,85.47,85.47
682.2,harvest,mon_L3_01,278.3,66.64,0.01
684.2,harvest,mon_L3_00,278.6,85.42,85.42
684.2,harvest,mon_L3_01,278.9,66.64,0.01
686.2,harvest,mon_L3_00,270.0,85.14,85.14
686.2,harvest,mon_L3_01,276.9,66.79,0.01
688.2,harvest,mon_L3_00,272.1,85.06,85.06
688.2,harvest,mon_L3_01,275.6,67.02,0.01
690.2,harvest,mon_L3_00,273.6,85.11,85.11
690.2,harvest,mon_L3_01,279.5,66.51,0.01
692.2,harvest,mon_L3_00,273.3,85.04,85.04
692.2,harvest,mon_L3_01,278.3,66.74,0.01
694.2,harvest,mon_L3_00,271.9,85.06,85.06
694.2,harvest,mon_L3_01,277.5,66.60,0.01
696.2,harvest,mon_L3_00,272.9,84.83,84.83
696.2,harvest,mon_L3_01,278.1,66.59,0.01
698.2,harvest,mon_L3_00,271.2,85.18,85.19
698.2,harvest,mon_L3_01,279.3,66.49,0.01
700.2,harvest,mon_L3_00,270.4,85.23,85.23
700.2,harvest,mon_L3_01,281.1,66.62,0.01
702.2,harvest,mon_L3_00,277.6,85.07,85.07
702.2,harvest,mon_L3_01,280.7,66.64,0.01
704.2,harvest,mon_L3_00,267.0,85.19,85.18
704.2,harvest,mon_L3_01,280.8,66.49,0.01
706.2,harvest,mon_L3_00,272.0,85.13,85.13
706.2,harvest,mon_L3_01,277.3,66.53,0.01
708.2,harvest,mon_L3_00,275.7,85.25,85.25
708.2,harvest,mon_L3_01,278.0,66.96,0.01
710.2,harvest,mon_L3_00,278.2,85.44,85.44
710.2,harvest,mon_L3_01,280.4,66.77,0.01
712.2,harvest,mon_L3_00,277.4,85.46,85.46
712.2,harvest,mon_L3_01,280.0,66.90,0.01
714.2,harvest,mon_L3_00,276.7,84.98,84.98
714.2,harvest,mon_L3_01,274.9,66.79,0.01
716.2,harvest,mon_L3_00,276.8,85.05,85.05
716.2,harvest,mon_L3_01,279.0,66.97,0.01
718.2,harvest,mon_L3_00,274.8,85.29,85.30
718.2,harvest,mon_L3_01,277.0,66.96,0.01
720.2,harvest,mon_L3_00,276.8,85.14,85.14
720.2,harvest,mon_L3_01,279.0,66.70,0.01
722.2,harvest,mon_L3_00,264.8,85.24,85.24
722.2,harvest,mon_L3_01,271.9,66.78,0.01
724.2,harvest,mon_L3_00,270.4,85.11,85.11
724.2,harvest,mon_L3_01,280.2,66.60,0.01
726.2,harvest,mon_L3_00,272.1,85.21,85.21
726.2,harvest,mon_L3_01,278.6,66.72,0.01
728.2,harvest,mon_L3_00,275.7,85.19,85.19
728.2,harvest,mon_L3_01,276.4,66.90,0.01
730.2,harvest,mon_L3_00,278.6,85.22,85.22
730.2,harvest,mon_L3_01,277.5,66.81,0.01
732.2,harvest,mon_L3_00,274.3,85.05,85.05
732.2,harvest,mon_L3_01,279.3,66.72,0.01
734.2,harvest,mon_L3_00,277.4,85.11,85.11
734.2,harvest,mon_L3_01,279.8,66.69,0.01
736.2,harvest,mon_L3_00,276.9,84.99,84.99
736.2,harvest,mon_L3_01,281.2,66.76,0.01
738.2,harvest,mon_L3_00,279.5,84.99,84.99
738.2,harvest,mon_L3_01,275.9,66.74,0.01
740.2,harvest,mon_L3_00,272.9,85.14,85.15
740.2,harvest,mon_L3_01,278.6,66.76,0.01
742.2,harvest,mon_L3_00,267.0,85.17,85.17
742.2,harvest,mon_L3_01,277.5,66.67,0.00
744.2,harvest,mon_L3_00,270.9,84.82,84.82
744.2,harvest,mon_L3_01,275.0,66.90,0.01
746.2,harvest,mon_L3_00,278.0,84.89,84.89
746.2,harvest,mon_L3_01,279.6,66.65,0.00
748.2,harvest,mon_L3_00,277.0,84.96,84.96
748.2,harvest,mon_L3_01,279.5,66.84,0.01
750.2,harvest,mon_L3_00,275.0,85.12,85.12
750.2,harvest,mon_L3_01,277.1,66.84,0.00
752.2,harvest,mon_L3_00,274.0,85.35,85.35
752.2,harvest,mon_L3_01,279.8,66.85,0.01
754.2,harvest,mon_L3_00,276.9,85.26,85.26
754.2,harvest,mon_L3_01,277.6,66.79,0.01
756.2,harvest,mon_L3_00,273.0,85.12,85.12
756.2,harvest,mon_L3_01,279.4,66.61,0.01
758.2,harvest,mon_L3_00,271.8,85.11,85.10
758.2,harvest,mon_L3_01,276.9,66.82,0.01
760.2,harvest,mon_L3_00,275.7,85.10,85.10
760.2,harvest,mon_L3_01,277.7,66.70,0.01
762.2,harvest,mon_L3_00,268.9,85.52,85.52
762.2,harvest,mon_L3_01,277.7,66.71,0.01
764.2,harvest,mon_L3_00,275.6,85.29,85.29
764.2,harvest,mon_L3_01,277.6,66.74,0.01
766.2,harvest,mon_L3_00,271.8,85.19,85.19
766.2,harvest,mon_L3_01,278.0,66.63,0.00
768.2,harvest,mon_L3_00,262.0,84.59,84.59
768.2,harvest,mon_L3_01,261.6,66.52,0.00
770.2,harvest,mon_L3_00,269.3,84.75,84.75
770.2,harvest,mon_L3_01,277.1,66.29,0.01
772.2,harvest,mon_L3_00,274.6,84.87,84.87
772.2,harvest,mon_L3_01,277.6,66.42,0.01
774.2,harvest,mon_L3_00,280.1,84.82,84.82
774.2,harvest,mon_L3_01,270.2,66.45,0.01
776.2,harvest,mon_L3_00,272.0,84.60,84.60
776.2,harvest,mon_L3_01,273.4,66.58,0.01
778.2,harvest,mon_L3_00,263.3,85.00,85.00
778.2,harvest,mon_L3_01,274.9,66.44,0.01
780.2,harvest,mon_L3_00,267.7,85.02,85.02
780.2,harvest,mon_L3_01,275.2,66.33,0.01
782.2,harvest,mon_L3_00,268.4,84.72,84.72
782.2,harvest,mon_L3_01,276.0,66.30,0.01
784.2,harvest,mon_L3_00,275.4,85.18,85.18
784.2,harvest,mon_L3_01,274.6,66.34,0.01
786.2,harvest,mon_L3_00,271.9,85.15,85.15
786.2,harvest,mon_L3_01,277.0,66.77,0.01
788.2,harvest,mon_L3_00,270.1,85.30,85.30
788.2,harvest,mon_L3_01,278.3,66.59,0.01
790.2,harvest,mon_L3_00,275.5,85.41,85.40
790.2,harvest,mon_L3_01,281.1,66.45,0.01
792.2,harvest,mon_L3_00,276.1,85.30,85.30
792.2,harvest,mon_L3_01,278.4,66.61,0.01
794.2,harvest,mon_L3_00,275.4,85.05,85.05
794.2,harvest,mon_L3_01,275.0,66.71,0.01
796.2,harvest,mon_L3_00,272.8,84.51,84.51
796.2,harvest,mon_L3_01,278.9,66.31,0.01
798.2,harvest,mon_L3_00,274.6,85.27,85.27
798.2,harvest,mon_L3_01,272.6,66.67,0.01
800.2,harvest,mon_L3_00,275.5,85.30,85.30
800.2,harvest,mon_L3_01,271.9,66.75,0.01
802.2,harvest,mon_L3_00,277.3,85.43,85.43
802.2,harvest,mon_L3_01,279.4,66.96,0.01
804.2,harvest,mon_L3_00,273.9,85.19,85.19
804.2,harvest,mon_L3_01,277.3,66.64,0.01
806.2,harvest,mon_L3_00,264.5,84.66,84.66
806.2,harvest,mon_L3_01,273.4,66.47,0.01
808.2,harvest,mon_L3_00,273.9,84.97,84.97
808.2,harvest,mon_L3_01,279.1,66.60,0.01
810.2,harvest,mon_L3_00,269.3,85.00,85.00
810.2,harvest,mon_L3_01,279.3,66.78,0.01
812.2,harvest,mon_L3_00,281.1,85.09,85.09
812.2,harvest,mon_L3_01,276.4,66.70,0.01
814.2,harvest,mon_L3_00,277.6,85.22,85.22
814.2,harvest,mon_L3_01,281.7,66.59,0.01
816.2,harvest,mon_L3_00,276.3,85.18,85.18
816.2,harvest,mon_L3_01,277.0,66.75,0.01
818.2,harvest,mon_L3_00,276.0,85.20,85.20
818.2,harvest,mon_L3_01,280.2,66.71,0.01
820.2,harvest,mon_L3_00,277.1,85.15,85.15
820.2,harvest,mon_L3_01,278.2,66.62,0.01
822.2,harvest,mon_L3_00,277.0,85.32,85.32
822.2,harvest,mon_L3_01,279.6,66.72,0.01
824.2,harvest,mon_L3_00,272.6,85.36,85.36
824.2,harvest,mon_L3_01,275.6,66.71,0.01
826.2,harvest,mon_L3_00,272.7,85.28,85.28
826.2,harvest,mon_L3_01,279.1,66.80,0.01
828.2,harvest,mon_L3_00,275.0,85.35,85.35
828.2,harvest,mon_L3_01,277.3,66.86,0.01
830.2,harvest,mon_L3_00,277.7,85.23,85.23
830.2,harvest,mon_L3_01,278.7,66.76,0.01
832.2,harvest,mon_L3_00,278.3,85.17,85.17
832.2,harvest,mon_L3_01,278.0,66.74,0.01
834.2,harvest,mon_L3_00,274.6,85.11,85.11
834.2,harvest,mon_L3_01,277.6,66.65,0.01
836.2,harvest,mon_L3_00,273.8,85.27,85.27
836.2,harvest,mon_L3_01,278.0,66.64,0.01
838.2,harvest,mon_L3_00,278.0,85.38,85.38
838.2,harvest,mon_L3_01,277.0,66.59,0.01
840.2,harvest,mon_L3_00,278.1,85.40,85.40
840.2,harvest,mon_L3_01,277.5,66.61,0.01
842.2,harvest,mon_L3_00,271.3,85.35,85.34
842.2,harvest,mon_L3_01,279.6,66.80,0.01
844.2,harvest,mon_L3_00,268.2,85.38,85.38
844.2,harvest,mon_L3_01,279.6,66.64,0.01
846.2,harvest,mon_L3_00,269.1,85.08,85.08
846.2,harvest,mon_L3_01,278.2,66.42,0.01
848.2,harvest,mon_L3_00,272.5,84.73,84.73
848.2,harvest,mon_L3_01,280.3,66.51,0.01
850.2,harvest,mon_L3_00,270.1,85.01,85.01
850.2,harvest,mon_L3_01,272.3,66.57,0.01
852.2,harvest,mon_L3_00,272.3,85.15,85.15
852.2,harvest,mon_L3_01,278.9,66.58,0.01
854.2,harvest,mon_L3_00,276.4,84.81,84.81
854.2,harvest,mon_L3_01,274.9,66.55,0.01
856.2,harvest,mon_L3_00,274.2,84.89,84.89
856.2,harvest,mon_L3_01,276.8,66.47,0.01
858.2,harvest,mon_L3_00,278.4,84.96,84.96
858.2,harvest,mon_L3_01,272.3,66.66,0.01
860.2,harvest,mon_L3_00,266.6,84.94,84.94
860.2,harvest,mon_L3_01,278.2,66.35,0.01
862.2,harvest,mon_L3_00,276.7,85.03,85.03
862.2,harvest,mon_L3_01,274.3,66.44,0.01
864.2,harvest,mon_L3_00,277.7,85.21,85.21
864.2,harvest,mon_L3_01,278.7,66.56,0.01
866.2,harvest,mon_L3_00,277.3,85.26,85.26
866.2,harvest,mon_L3_01,278.4,66.62,0.01
868.2,harvest,mon_L3_00,276.1,85.29,85.29
868.2,harvest,mon_L3_01,279.4,66.69,0.01
870.2,harvest,mon_L3_00,266.6,85.31,85.31
870.2,harvest,mon_L3_01,277.4,66.66,0.01
872.2,harvest,mon_L3_00,267.9,85.08,85.08
872.2,harvest,mon_L3_01,277.6,66.46,0.01
874.2,harvest,mon_L3_00,271.3,85.24,85.24
874.2,harvest,mon_L3_01,277.0,66.49,0.01
876.2,harvest,mon_L3_00,266.2,85.16,85.16
876.2,harvest,mon_L3_01,274.0,66.45,0.01
878.2,harvest,mon_L3_00,274.9,85.36,85.36
878.2,harvest,mon_L3_01,278.2,66.57,0.01
880.2,harvest,mon_L3_00,276.2,85.11,85.11
880.2,harvest,mon_L3_01,272.1,66.92,0.01
882.2,harvest,mon_L3_00,277.5,85.31,85.31
882.2,harvest,mon_L3_01,274.7,66.69,0.01
884.2,harvest,mon_L3_00,275.3,85.31,85.31
884.2,harvest,mon_L3_01,280.4,66.77,0.01
886.2,harvest,mon_L3_00,271.3,85.19,85.19
886.2,harvest,mon_L3_01,278.6,66.44,0.01
888.2,harvest,mon_L3_00,266.7,85.34,85.34
888.2,harvest,mon_L3_01,279.8,66.65,0.01
890.2,harvest,mon_L3_00,266.7,85.64,85.64
890.2,harvest,mon_L3_01,280.0,66.77,0.01
892.2,harvest,mon_L3_00,276.7,85.40,85.40
892.2,harvest,mon_L3_01,277.4,66.68,0.01
894.2,harvest,mon_L3_00,279.0,85.64,85.64
894.2,harvest,mon_L3_01,276.8,66.79,0.01
896.2,harvest,mon_L3_00,271.2,85.56,85.56
896.2,harvest,mon_L3_01,278.9,66.81,0.01
898.2,harvest,mon_L3_00,275.6,85.32,85.32
898.2,harvest,mon_L3_01,280.0,66.94,0.01
900.2,harvest,mon_L3_00,277.4,85.53,85.53
900.2,harvest,mon_L3_01,279.0,66.78,0.01
902.2,harvest,mon_L3_00,273.3,85.64,85.64
902.2,harvest,mon_L3_01,275.9,66.92,0.01
904.2,harvest,mon_L3_00,270.0,85.49,85.49
904.2,harvest,mon_L3_01,277.7,67.08,0.01
906.2,harvest,mon_L3_00,270.8,85.38,85.38
906.2,harvest,mon_L3_01,276.8,66.66,0.01
908.2,harvest,mon_L3_00,276.0,85.55,85.55
908.2,harvest,mon_L3_01,278.7,66.96,0.01
910.2,harvest,mon_L3_00,275.0,85.45,85.45
910.2,harvest,mon_L3_01,278.3,66.99,0.01
912.2,harvest,mon_L3_00,276.6,85.50,85.50
912.2,harvest,mon_L3_01,277.0,66.81,0.01
914.2,harvest,mon_L3_00,272.9,85.60,85.60
914.2,harvest,mon_L3_01,279.0,66.83,0.01
916.2,harvest,mon_L3_00,274.5,85.35,85.35
916.2,harvest,mon_L3_01,274.5,66.72,0.01
918.2,harvest,mon_L3_00,280.9,85.54,85.54
918.2,harvest,mon_L3_01,277.4,67.03,0.01
920.2,harvest,mon_L3_00,279.6,85.68,85.68
920.2,harvest,mon_L3_01,280.2,66.86,0.01
922.2,harvest,mon_L3_00,273.0,85.71,85.71
922.2,harvest,mon_L3_01,279.4,66.83,0.01
924.2,harvest,mon_L3_00,268.0,85.62,85.62
924.2,harvest,mon_L3_01,276.6,66.81,0.01
926.2,harvest,mon_L3_00,269.3,85.45,85.45
926.2,harvest,mon_L3_01,275.7,66.79,0.00
928.2,harvest,mon_L3_00,274.6,85.37,85.37
928.2,harvest,mon_L3_01,278.2,66.69,0.01
930.2,harvest,mon_L3_00,273.2,85.25,85.25
930.2,harvest,mon_L3_01,273.6,66.65,0.01
932.2,harvest,mon_L3_00,270.9,84.92,84.92
932.2,harvest,mon_L3_01,274.7,66.73,0.02
934.2,harvest,mon_L3_00,269.8,85.04,85.04
934.2,harvest,mon_L3_01,271.5,66.54,0.01
936.2,harvest,mon_L3_00,268.1,84.97,84.97
936.2,harvest,mon_L3_01,273.5,66.74,0.01
938.2,harvest,mon_L3_00,271.6,85.07,85.07
938.2,harvest,mon_L3_01,278.1,66.65,0.01
940.2,harvest,mon_L3_00,277.9,85.41,85.41
940.2,harvest,mon_L3_01,280.8,66.48,0.01
942.2,harvest,mon_L3_00,261.1,85.26,85.26
942.2,harvest,mon_L3_01,278.7,66.66,0.01
944.2,harvest,mon_L3_00,275.0,84.96,84.96
944.2,harvest,mon_L3_01,271.3,66.42,0.02
946.2,harvest,mon_L3_00,270.8,84.97,84.97
946.2,harvest,mon_L3_01,274.3,66.58,0.01
948.2,harvest,mon_L3_00,278.3,85.25,85.25
948.2,harvest,mon_L3_01,274.3,66.58,0.01
950.2,harvest,mon_L3_00,278.0,85.21,85.21
950.2,harvest,mon_L3_01,269.1,66.88,0.01
952.2,harvest,mon_L3_00,273.2,85.21,85.21
952.2,harvest,mon_L3_01,277.1,66.74,0.01
954.2,harvest,mon_L3_00,274.8,85.26,85.26
954.2,harvest,mon_L3_01,268.2,66.78,0.01
956.2,harvest,mon_L3_00,275.3,85.14,85.14
956.2,harvest,mon_L3_01,265.3,66.74,0.01
958.2,harvest,mon_L3_00,281.2,85.17,85.18
958.2,harvest,mon_L3_01,279.5,66.62,0.01
960.2,harvest,mon_L3_00,279.4,85.08,85.08
960.2,harvest,mon_L3_01,278.6,66.79,0.01
962.2,harvest,mon_L3_00,273.4,85.25,85.25
962.2,harvest,mon_L3_01,274.8,66.81,0.02
964.2,harvest,mon_L3_00,282.1,85.25,85.25
964.2,harvest,mon_L3_01,273.5,66.92,0.01
966.2,harvest,mon_L3_00,279.3,85.03,85.03
966.2,harvest,mon_L3_01,275.6,67.00,0.01
968.2,harvest,mon_L3_00,277.3,85.33,85.33
968.2,harvest,mon_L3_01,278.6,66.95,0.01
970.2,harvest,mon_L3_00,276.4,85.37,85.37
970.2,harvest,mon_L3_01,278.0,66.76,0.01
972.2,harvest,mon_L3_00,276.6,85.44,85.44
972.2,harvest,mon_L3_01,280.3,66.69,0.01
974.2,harvest,mon_L3_00,275.6,85.70,85.70
974.2,harvest,mon_L3_01,281.8,66.70,0.01
976.2,harvest,mon_L3_00,275.3,85.54,85.54
976.2,harvest,mon_L3_01,278.0,66.65,0.01
978.2,harvest,mon_L3_00,275.4,85.34,85.34
978.2,harvest,mon_L3_01,279.6,66.57,0.01
980.2,harvest,mon_L3_00,276.6,85.36,85.36
980.2,harvest,mon_L3_01,279.4,66.59,0.01
982.2,harvest,mon_L3_00,277.9,85.27,85.27
982.2,harvest,mon_L3_01,280.4,66.60,0.01
984.2,harvest,mon_L3_00,271.8,85.34,85.34
984.2,harvest,mon_L3_01,278.3,66.52,0.01
986.2,harvest,mon_L3_00,278.3,85.38,85.38
986.2,harvest,mon_L3_01,279.6,66.56,0.01
988.2,harvest,mon_L3_00,278.0,85.19,85.19
988.2,harvest,mon_L3_01,276.3,66.87,0.01
990.2,harvest,mon_L3_00,276.3,85.21,85.21
990.2,harvest,mon_L3_01,279.6,66.64,0.01
992.2,harvest,mon_L3_00,276.4,85.46,85.46
992.2,harvest,mon_L3_01,277.7,66.61,0.01
994.2,harvest,mon_L3_00,272.3,85.39,85.39
994.2,harvest,mon_L3_01,272.3,66.70,0.01
996.2,harvest,mon_L3_00,278.4,85.18,85.18
996.2,harvest,mon_L3_01,270.4,66.66,0.01
998.2,harvest,mon_L3_00,277.1,85.31,85.31
998.2,harvest,mon_L3_01,279.5,66.79,0.01
1000.2,harvest,mon_L3_00,268.0,85.27,85.26
1000.2,harvest,mon_L3_01,276.0,66.77,0.01
1002.2,harvest,mon_L3_00,271.2,85.17,85.18
1002.2,harvest,mon_L3_01,280.2,66.86,0.01
1004.2,harvest,mon_L3_00,263.9,85.11,85.11
1004.2,harvest,mon_L3_01,278.0,66.60,0.01
1006.2,harvest,mon_L3_00,276.0,85.26,85.26
1006.2,harvest,mon_L3_01,272.6,66.59,0.01
1008.2,harvest,mon_L3_00,259.7,84.98,84.98
1008.2,harvest,mon_L3_01,279.7,66.39,0.01
1010.2,harvest,mon_L3_00,268.6,84.99,84.99
1010.2,harvest,mon_L3_01,279.5,66.24,0.01
1012.2,harvest,mon_L3_00,272.5,85.17,85.17
1012.2,harvest,mon_L3_01,284.5,66.45,0.01
1014.2,harvest,mon_L3_00,277.6,84.78,84.78
1014.2,harvest,mon_L3_01,275.2,66.56,0.01
1016.2,harvest,mon_L3_00,273.8,84.94,84.94
1016.2,harvest,mon_L3_01,274.1,66.44,0.01
1018.2,harvest,mon_L3_00,268.0,85.26,85.26
1018.2,harvest,mon_L3_01,279.7,66.44,0.01
1020.2,harvest,mon_L3_00,264.4,85.22,85.22
1020.2,harvest,mon_L3_01,278.0,66.39,0.01
1022.2,harvest,mon_L3_00,273.2,85.11,85.11
1022.2,harvest,mon_L3_01,278.1,66.52,0.01
1024.2,harvest,mon_L3_00,270.5,85.03,85.03
1024.2,harvest,mon_L3_01,277.1,66.47,0.01
1026.2,harvest,mon_L3_00,271.4,85.34,85.34
1026.2,harvest,mon_L3_01,278.7,66.37,0.01
1028.3,harvest,mon_L3_00,275.4,85.09,85.09
1028.3,harvest,mon_L3_01,274.1,66.79,0.01
1030.3,harvest,mon_L3_00,277.3,85.22,85.22
1030.3,harvest,mon_L3_01,277.9,66.69,0.01
1032.3,harvest,mon_L3_00,277.9,85.23,85.23
1032.3,harvest,mon_L3_01,278.6,66.84,0.01
1034.3,harvest,mon_L3_00,278.2,85.38,85.38
1034.3,harvest,mon_L3_01,276.8,66.87,0.01
1036.3,harvest,mon_L3_00,276.1,85.12,85.12
1036.3,harvest,mon_L3_01,275.9,66.71,0.01
1038.3,harvest,mon_L3_00,275.7,85.52,85.52
1038.3,harvest,mon_L3_01,279.4,67.04,0.01
1040.3,harvest,mon_L3_00,273.6,85.13,85.13
1040.3,harvest,mon_L3_01,277.6,66.72,0.01
1042.3,harvest,mon_L3_00,279.8,85.28,85.28
1042.3,harvest,mon_L3_01,282.4,66.70,0.01
1044.3,harvest,mon_L3_00,277.4,85.31,85.31
1044.3,harvest,mon_L3_01,280.5,66.76,0.01
1046.3,harvest,mon_L3_00,276.4,85.07,85.07
1046.3,harvest,mon_L3_01,279.1,66.64,0.01
1048.3,harvest,mon_L3_00,277.1,85.21,85.21
1048.3,harvest,mon_L3_01,280.1,66.68,0.00
1050.3,harvest,mon_L3_00,278.9,85.32,85.32
1050.3,harvest,mon_L3_01,279.5,66.78,0.01
1052.3,harvest,mon_L3_00,279.8,85.38,85.38
1052.3,harvest,mon_L3_01,281.1,66.65,0.01
1054.3,harvest,mon_L3_00,268.4,85.39,85.39
1054.3,harvest,mon_L3_01,278.3,66.72,0.01
1056.3,harvest,mon_L3_00,269.6,85.20,85.20
1056.3,harvest,mon_L3_01,274.7,66.68,0.01
1058.3,harvest,mon_L3_00,278.7,85.34,85.34
1058.3,harvest,mon_L3_01,279.4,66.65,0.01
1060.3,harvest,mon_L3_00,278.7,85.51,85.51
1060.3,harvest,mon_L3_01,282.4,66.83,0.01
1062.3,harvest,mon_L3_00,270.6,85.30,85.30
1062.3,harvest,mon_L3_01,276.1,66.68,0.01
1064.3,harvest,mon_L3_00,278.1,85.16,85.16
1064.3,harvest,mon_L3_01,279.1,66.80,0.01
1066.3,harvest,mon_L3_00,277.6,85.21,85.21
1066.3,harvest,mon_L3_01,276.3,66.93,0.01
1068.3,harvest,mon_L3_00,279.0,85.20,85.20
1068.3,harvest,mon_L3_01,275.6,66.78,0.01
1070.3,harvest,mon_L3_00,271.3,84.90,84.90
1070.3,harvest,mon_L3_01,279.5,66.63,0.01
1072.3,harvest,mon_L3_00,264.3,85.02,85.02
1072.3,harvest,mon_L3_01,275.4,66.24,0.01
1074.3,harvest,mon_L3_00,269.4,84.98,84.99
1074.3,harvest,mon_L3_01,278.6,66.40,0.01
1076.3,harvest,mon_L3_00,272.6,85.26,85.26
1076.3,harvest,mon_L3_01,278.0,66.63,0.01
1078.3,harvest,mon_L3_00,276.4,84.97,84.97
1078.3,harvest,mon_L3_01,275.9,66.87,0.01
1080.3,harvest,mon_L3_00,273.0,85.06,85.06
1080.3,harvest,mon_L3_01,278.0,66.84,0.02
1082.3,harvest,mon_L3_00,275.5,85.26,85.26
1082.3,harvest,mon_L3_01,278.7,66.83,0.02
1084.3,harvest,mon_L3_00,279.7,85.23,85.23
1084.3,harvest,mon_L3_01,280.0,66.82,0.01
1086.3,harvest,mon_L3_00,271.6,85.33,85.33
1086.3,harvest,mon_L3_01,282.3,66.62,0.01
1088.3,harvest,mon_L3_00,272.2,85.12,85.12
1088.3,harvest,mon_L3_01,279.0,66.32,0.01
1090.3,harvest,mon_L3_00,272.8,85.03,85.03
1090.3,harvest,mon_L3_01,280.4,66.58,0.01
1092.3,harvest,mon_L3_00,268.4,85.37,85.37
1092.3,harvest,mon_L3_01,279.6,66.48,0.01
1094.3,harvest,mon_L3_00,274.6,84.87,84.87
1094.3,harvest,mon_L3_01,278.0,66.47,0.01
1096.3,harvest,mon_L3_00,272.5,85.13,85.13
1096.3,harvest,mon_L3_01,275.6,66.53,0.01
1098.3,harvest,mon_L3_00,261.1,85.13,85.13
1098.3,harvest,mon_L3_01,280.8,66.46,0.00
1100.3,harvest,mon_L3_00,270.9,85.17,85.17
1100.3,harvest,mon_L3_01,278.0,66.62,0.01
1102.3,harvest,mon_L3_00,270.7,85.09,85.09
1102.3,harvest,mon_L3_01,274.9,66.37,0.01
1104.3,harvest,mon_L3_00,273.4,85.08,85.09
1104.3,harvest,mon_L3_01,276.4,66.46,0.01
1106.3,harvest,mon_L3_00,277.6,84.94,84.94
1106.3,harvest,mon_L3_01,279.4,66.50,0.01
1108.3,harvest,mon_L3_00,274.2,85.32,85.32
1108.3,harvest,mon_L3_01,275.5,66.67,0.01
1110.3,harvest,mon_L3_00,275.7,85.61,85.61
1110.3,harvest,mon_L3_01,277.5,66.85,0.01
1112.3,harvest,mon_L3_00,274.7,85.56,85.56
1112.3,harvest,mon_L3_01,280.9,66.75,0.01
1114.3,harvest,mon_L3_00,278.7,85.62,85.62
1114.3,harvest,mon_L3_01,280.0,66.76,0.01
1116.3,harvest,mon_L3_00,277.0,85.29,85.29
1116.3,harvest,mon_L3_01,275.6,66.76,0.01
1118.3,harvest,mon_L3_00,275.2,85.30,85.30
1118.3,harvest,mon_L3_01,274.7,66.71,0.01
1120.3,harvest,mon_L3_00,272.9,84.93,84.93
1120.3,harvest,mon_L3_01,277.6,66.65,0.01
1122.3,harvest,mon_L3_00,278.6,85.58,85.58
1122.3,harvest,mon_L3_01,279.0,66.93,0.01
1124.3,harvest,mon_L3_00,277.5,85.59,85.59
1124.3,harvest,mon_L3_01,278.8,67.13,0.01
1126.3,harvest,mon_L3_00,271.8,85.29,85.29
1126.3,harvest,mon_L3_01,273.5,66.88,0.01
1128.3,harvest,mon_L3_00,268.6,85.40,85.40
1128.3,harvest,mon_L3_01,271.6,67.04,0.01
1130.3,harvest,mon_L3_00,275.6,85.47,85.47
1130.3,harvest,mon_L3_01,277.0,66.99,0.01
1132.3,harvest,mon_L3_00,278.1,85.70,85.70
1132.3,harvest,mon_L3_01,277.4,66.91,0.01
1134.3,harvest,mon_L3_00,276.2,85.52,85.52
1134.3,harvest,mon_L3_01,275.2,66.98,0.01
1136.3,harvest,mon_L3_00,268.0,84.86,84.86
1136.3,harvest,mon_L3_01,275.2,66.83,0.01
1138.3,harvest,mon_L3_00,274.8,85.53,85.53
1138.3,harvest,mon_L3_01,274.2,66.93,0.01
1140.3,harvest,mon_L3_00,275.4,85.27,85.27
1140.3,harvest,mon_L3_01,275.7,66.70,0.01
1142.3,harvest,mon_L3_00,276.2,85.55,85.55
1142.3,harvest,mon_L3_01,277.0,67.09,0.01
1144.3,harvest,mon_L3_00,278.0,85.46,85.46
1144.3,harvest,mon_L3_01,281.1,66.82,0.01
1146.3,harvest,mon_L3_00,273.4,85.60,85.60
1146.3,harvest,mon_L3_01,277.9,66.71,0.01
1148.3,harvest,mon_L3_00,271.9,85.69,85.69
1148.3,harvest,mon_L3_01,281.0,66.73,0.01
1150.3,harvest,mon_L3_00,273.8,85.72,85.72
1150.3,harvest,mon_L3_01,279.3,66.73,0.01
1152.3,harvest,mon_L3_00,275.2,85.76,85.76
1152.3,harvest,mon_L3_01,276.1,66.71,0.00
1154.3,harvest,mon_L3_00,268.6,85.83,85.83
1154.3,harvest,mon_L3_01,277.6,66.83,0.01
1156.3,harvest,mon_L3_00,271.9,85.74,85.74
1156.3,harvest,mon_L3_01,279.6,66.80,0.01
1158.3,harvest,mon_L3_00,273.5,85.67,85.67
1158.3,harvest,mon_L3_01,274.9,66.85,0.01
1160.3,harvest,mon_L3_00,275.0,85.69,85.69
1160.3,harvest,mon_L3_01,278.7,66.78,0.01
1162.3,harvest,mon_L3_00,275.3,85.63,85.63
1162.3,harvest,mon_L3_01,277.5,66.96,0.01
1164.3,harvest,mon_L3_00,274.1,85.72,85.72
1164.3,harvest,mon_L3_01,274.3,67.03,0.02
1166.3,harvest,mon_L3_00,269.3,85.71,85.71
1166.3,harvest,mon_L3_01,269.4,66.75,0.01
1168.3,harvest,mon_L3_00,271.9,85.36,85.36
1168.3,harvest,mon_L3_01,276.2,66.50,0.01
1170.3,harvest,mon_L3_00,273.0,85.46,85.46
1170.3,harvest,mon_L3_01,279.4,66.95,0.01
1172.3,harvest,mon_L3_00,265.4,85.60,85.60
1172.3,harvest,mon_L3_01,270.6,66.85,0.01
1174.3,harvest,mon_L3_00,268.7,85.49,85.49
1174.3,harvest,mon_L3_01,275.6,66.81,0.01
1176.3,harvest,mon_L3_00,271.3,85.27,85.27
1176.3,harvest,mon_L3_01,264.1,66.73,0.01
1178.3,harvest,mon_L3_00,271.4,85.19,85.19
1178.3,harvest,mon_L3_01,268.4,66.82,0.01
1180.3,harvest,mon_L3_00,279.3,85.09,85.09
1180.3,harvest,mon_L3_01,276.9,66.73,0.01
1182.3,harvest,mon_L3_00,270.2,84.65,84.65
1182.3,harvest,mon_L3_01,275.6,66.47,0.01
1184.3,harvest,mon_L3_00,270.0,84.87,84.87
1184.3,harvest,mon_L3_01,272.1,66.39,0.01
1186.3,harvest,mon_L3_00,276.1,85.19,85.19
1186.3,harvest,mon_L3_01,278.3,66.62,0.01
1188.3,harvest,mon_L3_00,270.5,85.34,85.34
1188.3,harvest,mon_L3_01,279.0,66.71,0.01
1190.3,harvest,mon_L3_00,275.6,85.15,85.16
1190.3,harvest,mon_L3_01,278.9,66.66,0.01
1192.3,harvest,mon_L3_00,270.6,85.07,85.07
1192.3,harvest,mon_L3_01,275.2,66.67,0.01
1194.3,harvest,mon_L3_00,272.3,85.07,85.07
1194.3,harvest,mon_L3_01,281.0,66.81,0.01
1196.3,harvest,mon_L3_00,261.4,85.22,85.22
1196.3,harvest,mon_L3_01,280.1,66.53,0.01
1198.3,harvest,mon_L3_00,277.0,85.50,85.50
1198.3,harvest,mon_L3_01,274.0,66.44,0.01
1200.3,harvest,mon_L3_00,274.1,85.00,85.00
1200.3,harvest,mon_L3_01,275.6,66.57,0.01
1202.3,harvest,mon_L3_00,277.7,84.85,84.85
1202.3,harvest,mon_L3_01,272.7,66.54,0.01
1204.3,harvest,mon_L3_00,272.9,85.15,85.15
1204.3,harvest,mon_L3_01,280.5,66.69,0.01
1206.3,harvest,mon_L3_00,268.4,84.89,84.89
1206.3,harvest,mon_L3_01,283.2,66.27,0.01
1208.3,harvest,mon_L3_00,272.7,85.71,85.71
1208.3,harvest,mon_L3_01,279.1,66.52,0.01
1210.3,harvest,mon_L3_00,276.6,85.16,85.16
1210.3,harvest,mon_L3_01,275.2,66.66,0.01
1212.3,harvest,mon_L3_00,275.5,85.36,85.36
1212.3,harvest,mon_L3_01,281.0,66.75,0.01
1214.3,harvest,mon_L3_00,278.6,85.16,85.16
1214.3,harvest,mon_L3_01,280.7,66.82,0.01
1216.3,harvest,mon_L3_00,272.8,85.20,85.20
1216.3,harvest,mon_L3_01,276.2,66.55,0.01
1218.3,harvest,mon_L3_00,276.8,85.46,85.46
1218.3,harvest,mon_L3_01,275.7,66.57,0.01
1220.3,harvest,mon_L3_00,275.6,85.18,85.18
1220.3,harvest,mon_L3_01,278.7,66.66,0.01
1222.3,harvest,mon_L3_00,275.0,85.52,85.52
1222.3,harvest,mon_L3_01,278.7,66.61,0.01
1224.3,harvest,mon_L3_00,277.1,85.25,85.24
1224.3,harvest,mon_L3_01,279.5,66.81,0.01
1226.3,harvest,mon_L3_00,273.3,85.07,85.07
1226.3,harvest,mon_L3_01,276.2,66.65,0.01
1228.3,harvest,mon_L3_00,273.3,85.62,85.62
1228.3,harvest,mon_L3_01,282.4,66.52,0.01
1230.3,harvest,mon_L3_00,273.2,85.20,85.20
1230.3,harvest,mon_L3_01,276.6,66.63,0.01
1232.3,harvest,mon_L3_00,277.7,85.04,85.04
1232.3,harvest,mon_L3_01,277.4,66.96,0.01
1234.3,harvest,mon_L3_00,278.4,85.33,85.33
1234.3,harvest,mon_L3_01,277.6,66.92,0.01
1236.3,harvest,mon_L3_00,272.1,85.09,85.09
1236.3,harvest,mon_L3_01,275.0,66.71,0.01
1238.3,harvest,mon_L3_00,273.9,85.19,85.19
1238.3,harvest,mon_L3_01,278.7,66.41,0.01
1240.3,harvest,mon_L3_00,276.1,85.04,85.04
1240.3,harvest,mon_L3_01,275.7,66.63,0.01
1242.3,harvest,mon_L3_00,276.7,85.14,85.14
1242.3,harvest,mon_L3_01,277.3,66.72,0.01
1244.3,harvest,mon_L3_00,275.2,85.35,85.35
1244.3,harvest,mon_L3_01,274.0,66.74,0.01
1246.3,harvest,mon_L3_00,268.8,84.83,84.83
1246.3,harvest,mon_L3_01,270.0,66.56,0.01
1248.3,harvest,mon_L3_00,269.8,84.92,84.92
1248.3,harvest,mon_L3_01,275.2,66.55,0.01
1250.3,harvest,mon_L3_00,275.6,85.09,85.09
1250.3,harvest,mon_L3_01,277.9,66.35,0.01
1252.3,harvest,mon_L3_00,261.9,84.98,84.98
1252.3,harvest,mon_L3_01,265.2,66.54,0.01
1254.3,harvest,mon_L3_00,269.1,85.24,85.24
1254.3,harvest,mon_L3_01,280.0,66.35,0.01
1256.3,harvest,mon_L3_00,264.8,85.04,85.04
1256.3,harvest,mon_L3_01,280.7,66.30,0.01
1258.3,harvest,mon_L3_00,270.7,85.29,85.29
1258.3,harvest,mon_L3_01,279.8,66.52,0.01
1260.3,harvest,mon_L3_00,273.6,85.35,85.35
1260.3,harvest,mon_L3_01,275.6,66.46,0.01
1262.3,harvest,mon_L3_00,273.0,85.33,85.33
1262.3,harvest,mon_L3_01,280.3,66.40,0.01
1264.3,harvest,mon_L3_00,271.3,85.15,85.15
1264.3,harvest,mon_L3_01,277.5,66.56,0.01
1266.3,harvest,mon_L3_00,276.3,85.29,85.29
1266.3,harvest,mon_L3_01,279.3,66.37,0.01
1268.3,harvest,mon_L3_00,266.2,85.14,85.14
1268.3,harvest,mon_L3_01,275.9,66.32,0.01
1270.3,harvest,mon_L3_00,270.4,85.18,85.18
1270.3,harvest,mon_L3_01,278.4,66.21,0.01
1272.3,harvest,mon_L3_00,272.0,85.12,85.12
1272.3,harvest,mon_L3_01,278.7,66.34,0.01
1274.3,harvest,mon_L3_00,275.4,85.01,85.01
1274.3,harvest,mon_L3_01,279.8,66.61,0.01
1276.3,harvest,mon_L3_00,271.1,85.29,85.29
1276.3,harvest,mon_L3_01,274.1,66.67,0.01
1278.3,harvest,mon_L3_00,274.0,85.11,85.11
1278.3,harvest,mon_L3_01,279.3,66.58,0.01
1280.3,harvest,mon_L3_00,268.0,85.02,85.02
1280.3,harvest,mon_L3_01,278.1,66.74,0.01
1282.3,harvest,mon_L3_00,274.9,85.19,85.19
1282.3,harvest,mon_L3_01,264.3,66.63,0.01
1284.3,harvest,mon_L3_00,275.7,85.06,85.06
1284.3,harvest,mon_L3_01,278.9,66.61,0.01
1286.3,harvest,mon_L3_00,276.7,85.08,85.08
1286.3,harvest,mon_L3_01,278.2,66.61,0.01
1288.3,harvest,mon_L3_00,273.8,85.30,85.30
1288.3,harvest,mon_L3_01,276.8,66.74,0.01
1290.3,harvest,mon_L3_00,271.1,85.51,85.51
1290.3,harvest,mon_L3_01,278.8,66.64,0.01
1292.3,harvest,mon_L3_00,271.5,85.27,85.28
1292.3,harvest,mon_L3_01,279.0,66.67,0.01
1294.3,harvest,mon_L3_00,268.7,85.32,85.32
1294.3,harvest,mon_L3_01,280.0,66.56,0.01
1296.3,harvest,mon_L3_00,276.0,85.26,85.26
1296.3,harvest,mon_L3_01,278.0,66.77,0.01
1298.3,harvest,mon_L3_00,269.5,85.17,85.17
1298.3,harvest,mon_L3_01,276.7,66.76,0.01
1300.3,harvest,mon_L3_00,271.8,85.18,85.18
1300.3,harvest,mon_L3_01,274.9,66.65,0.01
1302.3,harvest,mon_L3_00,277.5,85.12,85.12
1302.3,harvest,mon_L3_01,279.1,66.61,0.01
1304.3,harvest,mon_L3_00,278.4,85.27,85.27
1304.3,harvest,mon_L3_01,276.7,66.55,0.01
1306.3,harvest,mon_L3_00,278.0,85.36,85.37
1306.3,harvest,mon_L3_01,278.1,66.73,0.01
1308.3,harvest,mon_L3_00,273.3,85.29,85.30
1308.3,harvest,mon_L3_01,278.1,66.51,0.01
1310.3,harvest,mon_L3_00,265.9,85.13,85.13
1310.3,harvest,mon_L3_01,269.8,66.64,0.01
1312.3,harvest,mon_L3_00,278.0,85.34,85.34
1312.3,harvest,mon_L3_01,277.1,66.75,0.01
1314.3,harvest,mon_L3_00,277.7,85.09,85.09
1314.3,harvest,mon_L3_01,275.0,66.60,0.01
1316.3,harvest,mon_L3_00,276.0,85.11,85.11
1316.3,harvest,mon_L3_01,269.3,66.81,0.01
1318.3,harvest,mon_L3_00,278.6,85.16,85.15
1318.3,harvest,mon_L3_01,271.3,66.61,0.01
1320.3,harvest,mon_L3_00,276.8,85.13,85.13
1320.3,harvest,mon_L3_01,276.7,66.74,0.01
1322.3,harvest,mon_L3_00,278.3,85.30,85.29
1322.3,harvest,mon_L3_01,276.2,66.86,0.01
1324.3,harvest,mon_L3_00,270.2,85.20,85.20
1324.3,harvest,mon_L3_01,272.9,66.70,0.01
1326.3,harvest,mon_L3_00,271.9,84.98,84.98
1326.3,harvest,mon_L3_01,273.8,66.46,0.01
1328.3,harvest,mon_L3_00,274.6,85.03,85.03
1328.3,harvest,mon_L3_01,269.1,66.59,0.01
1330.3,harvest,mon_L3_00,274.7,85.29,85.28
1330.3,harvest,mon_L3_01,277.3,66.60,0.01
1332.3,harvest,mon_L3_00,270.0,85.28,85.28
1332.3,harvest,mon_L3_01,275.5,66.62,0.01
1334.3,harvest,mon_L3_00,271.9,85.18,85.18
1334.3,harvest,mon_L3_01,277.3,66.46,0.01
1336.3,harvest,mon_L3_00,265.3,85.17,85.17
1336.3,harvest,mon_L3_01,276.3,66.28,0.01
1338.3,harvest,mon_L3_00,275.9,85.50,85.50
1338.3,harvest,mon_L3_01,279.3,66.59,0.01
1340.3,harvest,mon_L3_00,272.5,85.56,85.56
1340.3,harvest,mon_L3_01,275.3,66.58,0.01
1342.3,harvest,mon_L3_00,263.3,85.62,85.62
1342.3,harvest,mon_L3_01,275.5,66.70,0.01
1344.3,harvest,mon_L3_00,269.5,85.59,85.59
1344.3,harvest,mon_L3_01,277.6,66.60,0.01
1346.3,harvest,mon_L3_00,273.4,85.82,85.82
1346.3,harvest,mon_L3_01,275.3,66.69,0.01
1348.3,harvest,mon_L3_00,272.6,85.70,85.70
1348.3,harvest,mon_L3_01,276.0,66.86,0.01
1350.3,harvest,mon_L3_00,268.9,85.63,85.63
1350.3,harvest,mon_L3_01,276.9,67.08,0.01
1352.3,harvest,mon_L3_00,269.8,85.60,85.60
1352.3,harvest,mon_L3_01,273.9,66.86,0.01
1354.3,harvest,mon_L3_00,272.7,85.87,85.87
1354.3,harvest,mon_L3_01,276.7,66.98,0.01
1356.3,harvest,mon_L3_00,273.8,85.63,85.63
1356.3,harvest,mon_L3_01,272.0,66.93,0.01
1358.3,harvest,mon_L3_00,273.0,85.70,85.70
1358.3,harvest,mon_L3_01,275.6,67.04,0.01
1360.3,harvest,mon_L3_00,271.2,85.66,85.66
1360.3,harvest,mon_L3_01,273.0,66.95,0.01
1362.3,harvest,mon_L3_00,269.3,85.82,85.82
1362.3,harvest,mon_L3_01,275.5,66.99,0.01
1364.3,harvest,mon_L3_00,273.3,85.81,85.81
1364.3,harvest,mon_L3_01,277.0,66.96,0.01
1366.3,harvest,mon_L3_00,273.6,85.79,85.79
1366.3,harvest,mon_L3_01,278.2,66.84,0.01
